word	item	zone	sentence_id	sentence_position	surprisal
If	1	1	1	13.5546875
you	1	2	1	2.109375
were	1	3	1	4.9921875
to	1	4	1	5.18359375
journey	1	5	1	11.3828125
to	1	6	1	0.578125
the	1	7	1	1.859375
North	1	8	1	7.56640625
of	1	9	1	2.96875
England,	1	10	1	6.43359375
you	1	11	1	2.734375
would	1	12	1	3.265625
come	1	13	1	5.15625
to	1	14	1	0.7578125
a	1	15	1	3.203125
valley	1	16	1	8.96875
that	1	17	1	2.921875
is	1	18	1	3.4140625
surrounded	1	19	1	5.8671875
by	1	20	1	0.0546875
moors	1	21	1	13.515625
as	1	22	1	5.6640625
high	1	23	1	7.2265625
as	1	24	1	0.140625
mountains.	1	25	1	9.07421875
It	1	26	2	3.3359375
is	1	27	2	1.3828125
in	1	28	2	4.9375
this	1	29	2	3.3671875
valley	1	30	2	2.59375
where	1	31	2	3.7578125
you	1	32	2	0.703125
would	1	33	2	2.921875
find	1	34	2	3.84375
the	1	35	2	2.46875
city	1	36	2	5.0
of	1	37	2	2.6015625
Bradford,	1	38	2	10.390625
where	1	39	2	3.578125
once	1	40	2	7.203125
a	1	41	2	4.2109375
thousand	1	42	2	4.0
spinning	1	43	2	13.046875
jennies	1	44	2	17.85546875
that	1	45	2	4.6328125
hummed	1	46	2	12.546875
and	1	47	2	4.5859375
clattered	1	48	2	9.79296875
spun	1	49	2	12.59375
wool	1	50	2	12.078125
into	1	51	2	5.4375
money	1	52	2	11.96875
for	1	53	2	5.1484375
the	1	54	2	1.6640625
long-bearded	1	55	2	16.91015625
mill	1	56	2	8.5625
owners.	1	57	2	12.015625
That	1	58	3	4.640625
all	1	59	3	6.23828125
mill	1	60	3	12.78125
owners	1	61	3	2.96875
were	1	62	3	3.5390625
generally	1	63	3	8.4296875
busy	1	64	3	7.3359375
as	1	65	3	5.25
beavers	1	66	3	20.12109375
and	1	67	3	2.6640625
quite	1	68	3	8.25
pleased	1	69	3	6.62109375
with	1	70	3	1.84375
themselves	1	71	3	7.03515625
for	1	72	3	5.0625
being	1	73	3	5.015625
so	1	74	3	4.1171875
successful	1	75	3	4.91015625
and	1	76	3	2.953125
well	1	77	3	5.0859375
off	1	78	3	7.09375
was	1	79	3	8.6875
known	1	80	3	7.6796875
to	1	81	3	2.8203125
the	1	82	3	3.6328125
residents	1	83	3	7.875
of	1	84	3	0.84375
Bradford,	1	85	3	6.9140625
and	1	86	3	2.359375
if	1	87	3	3.75
you	1	88	3	1.078125
were	1	89	3	1.640625
to	1	90	3	1.3515625
go	1	91	3	3.7265625
into	1	92	3	3.859375
the	1	93	3	0.859375
city	1	94	3	3.046875
to	1	95	3	3.125
visit	1	96	3	4.8359375
the	1	97	3	1.265625
stately	1	98	3	13.6875
City	1	99	3	9.109375
Hall,	1	100	3	3.8125
you	1	101	3	0.8828125
would	1	102	3	0.90625
see	1	103	3	3.1171875
there	1	104	3	6.09375
the	1	105	3	3.6328125
Crest	1	106	3	13.43359375
of	1	107	3	3.546875
the	1	108	3	1.21875
City	1	109	3	4.7421875
of	1	110	3	4.6171875
Bradford,	1	111	3	6.7109375
which	1	112	3	3.859375
those	1	113	3	8.6328125
same	1	114	3	7.796875
mill	1	115	3	8.0703125
owners	1	116	3	0.3671875
created	1	117	3	8.578125
to	1	118	3	3.734375
celebrate	1	119	3	6.0703125
their	1	120	3	2.640625
achievements.	1	121	3	8.4765625
It	1	122	4	3.015625
shows	1	123	4	8.0078125
a	1	124	4	2.984375
sinister	1	125	4	10.484375
looking	1	126	4	6.578125
boar's	1	127	4	20.95703125
head	1	128	4	5.99609375
sitting	1	129	4	9.171875
on	1	130	4	1.75
top	1	131	4	4.640625
of	1	132	4	0.328125
a	1	133	4	2.53125
well	1	134	4	6.64453125
which	1	135	4	9.2109375
seems	1	136	4	5.63671875
puzzling	1	137	4	11.1171875
at	1	138	4	3.1953125
first,	1	139	4	6.8359375
but	1	140	4	2.984375
the	1	141	4	2.4921875
reason	1	142	4	7.39453125
for	1	143	4	1.796875
this	1	144	4	2.28125
symbol	1	145	4	9.796875
is	1	146	4	0.8203125
a	1	147	4	3.7890625
matter	1	148	4	5.3203125
of	1	149	4	0.59375
legend.	1	150	4	8.96875
There	1	151	5	3.6328125
was	1	152	5	2.4765625
once,	1	153	5	10.7265625
legend	1	154	5	12.5625
has	1	155	5	7.578125
it,	1	156	5	8.0859375
a	1	157	5	4.1875
fearsome	1	158	5	11.5390625
boar,	1	159	5	9.9140625
which	1	160	5	3.7890625
lived	1	161	5	8.609375
in	1	162	5	1.171875
a	1	163	5	2.328125
wood	1	164	5	6.11328125
located	1	165	5	8.8046875
just	1	166	5	4.3359375
outside	1	167	5	3.265625
the	1	168	5	0.8359375
manor	1	169	5	15.05859375
of	1	170	5	2.3203125
Bradford.	1	171	5	5.21875
A	1	172	6	4.5703125
source	1	173	6	7.765625
of	1	174	6	0.359375
great	1	175	6	5.9140625
trouble	1	176	6	6.8203125
to	1	177	6	4.21875
the	1	178	6	2.8125
local	1	179	6	5.95703125
folk	1	180	6	6.0546875
the	1	181	6	5.9921875
boar	1	182	6	8.328125
was,	1	183	6	7.671875
bringing	1	184	6	7.89453125
terror	1	185	6	10.796875
to	1	186	6	1.96875
the	1	187	6	0.8671875
peaceful	1	188	6	9.6328125
flocks	1	189	6	11.578125
and	1	190	6	2.09375
ravaging	1	191	6	9.546875
the	1	192	6	1.3984375
countryside	1	193	6	6.0703125
around.	1	194	6	8.9609375
Even	1	195	7	5.34375
worse,	1	196	7	6.421875
however,	1	197	7	4.71875
the	1	198	7	1.921875
boar	1	199	7	7.58203125
most	1	200	7	9.3203125
liked	1	201	7	8.234375
to	1	202	7	2.921875
go	1	203	7	4.4765625
to	1	204	7	2.0078125
the	1	205	7	0.90625
well	1	206	7	6.0859375
that	1	207	7	4.7734375
was	1	208	7	3.421875
in	1	209	7	4.3828125
the	1	210	7	1.1953125
wood	1	211	7	6.5703125
and	1	212	7	3.1484375
drink	1	213	7	8.7890625
its	1	214	7	6.421875
fresh	1	215	7	6.515625
water,	1	216	7	5.265625
so	1	217	7	3.53125
that	1	218	7	2.015625
the	1	219	7	1.7109375
people	1	220	7	4.9453125
of	1	221	7	1.828125
Bradford	1	222	7	2.1640625
had	1	223	7	1.4453125
second	1	224	7	11.3125
thoughts	1	225	7	5.82421875
about	1	226	7	4.1640625
visiting	1	227	7	8.609375
the	1	228	7	0.9921875
well.	1	229	7	7.92578125
That	1	230	8	4.15625
the	1	231	8	3.4296875
people	1	232	8	4.71875
of	1	233	8	0.390625
Bradford	1	234	8	1.7421875
bore	1	235	8	9.625
the	1	236	8	1.609375
brunt	1	237	8	10.609375
of	1	238	8	0.1953125
the	1	239	8	1.421875
beast's	1	240	8	11.49609375
ferocity	1	241	8	11.703125
was	1	242	8	4.421875
unfair	1	243	8	10.1015625
in	1	244	8	4.4140625
the	1	245	8	0.90625
eyes	1	246	8	7.96875
of	1	247	8	0.3359375
the	1	248	8	0.8046875
people	1	249	8	5.09375
of	1	250	8	0.5703125
the	1	251	8	5.078125
region.	1	252	8	8.9453125
Eventually,	1	253	9	7.80859375
the	1	254	9	1.1640625
issue	1	255	9	7.94140625
reached	1	256	9	7.23046875
the	1	257	9	1.40625
ears	1	258	9	9.734375
of	1	259	9	0.3046875
the	1	260	9	0.703125
kindly	1	261	9	12.78125
Lord	1	262	9	6.99609375
of	1	263	9	2.7578125
the	1	264	9	2.90625
Manor	1	265	9	8.453125
who	1	266	9	4.9453125
the	1	267	9	6.3046875
people	1	268	9	4.6484375
had	1	269	9	3.078125
often	1	270	9	7.4609375
asked	1	271	9	6.796875
for	1	272	9	2.7734375
help.	1	273	9	5.4609375
The	1	274	10	2.1953125
Lord	1	275	10	6.43359375
saw	1	276	10	6.87109375
the	1	277	10	1.0859375
severity	1	278	10	10.875
of	1	279	10	0.2421875
the	1	280	10	0.484375
problem	1	281	10	6.7265625
the	1	282	10	4.859375
people	1	283	10	4.46875
faced	1	284	10	6.390625
and	1	285	10	3.8125
suggested	1	286	10	7.08203125
a	1	287	10	3.0390625
contest	1	288	10	10.2109375
could	1	289	10	6.3046875
solve	1	290	10	8.8125
the	1	291	10	0.671875
problem.	1	292	10	2.53125
He	1	293	11	4.1015625
said	1	294	11	2.71875
that	1	295	11	1.5703125
whoever	1	296	11	8.8828125
could	1	297	11	3.3828125
kill	1	298	11	6.69140625
the	1	299	11	1.359375
boar	1	300	11	8.6484375
and	1	301	11	2.859375
bring	1	302	11	6.33203125
as	1	303	11	8.390625
proof	1	304	11	8.328125
its	1	305	11	7.9765625
head	1	306	11	5.2890625
to	1	307	11	2.9921875
the	1	308	11	0.5859375
Manor	1	309	11	8.765625
House	1	310	11	5.4140625
would	1	311	11	4.578125
be	1	312	11	2.3515625
rewarded	1	313	11	6.85546875
with	1	314	11	0.9921875
land	1	315	11	9.078125
and	1	316	11	2.375
fame.	1	317	11	9.6171875
It	1	318	12	3.0234375
was	1	319	12	0.9609375
the	1	320	12	2.0859375
people	1	321	12	5.484375
of	1	322	12	0.6328125
Bradford	1	323	12	1.609375
and	1	324	12	2.796875
the	1	325	12	1.4609375
people	1	326	12	1.3125
who	1	327	12	2.8828125
knew	1	328	12	3.4453125
them	1	329	12	3.734375
who	1	330	12	4.8125
rejoiced	1	331	12	11.703125
at	1	332	12	4.0
this	1	333	12	3.4609375
proclamation	1	334	12	11.8203125
but	1	335	12	4.9453125
one	1	336	12	6.0
question	1	337	12	8.2421875
remained:	1	338	12	10.88671875
who	1	339	12	6.0078125
would	1	340	12	3.1328125
kill	1	341	12	3.6953125
the	1	342	12	0.7734375
boar?	1	343	12	7.8203125
By	1	344	13	6.91015625
the	1	345	13	1.2109375
handsome	1	346	13	11.671875
reward	1	347	13	10.578125
many	1	348	13	10.546875
felt	1	349	13	8.7578125
tempted,	1	350	13	12.578125
but	1	351	13	3.1484375
the	1	352	13	2.09375
thought	1	353	13	6.17578125
of	1	354	13	1.4609375
the	1	355	13	1.265625
boar	1	356	13	7.20703125
with	1	357	13	5.40625
its	1	358	13	3.4921875
deadly	1	359	13	7.40234375
tusks	1	360	13	15.4765625
and	1	361	13	1.859375
face	1	362	13	8.703125
like	1	363	13	4.80078125
thunder	1	364	13	6.328125
soon	1	365	13	10.578125
put	1	366	13	8.078125
an	1	367	13	5.8359375
end	1	368	13	4.6640625
to	1	369	13	1.4765625
their	1	370	13	5.0
ambitions.	1	371	13	10.5859375
However,	1	372	14	5.96875
there	1	373	14	3.734375
was	1	374	14	0.6953125
one	1	375	14	4.6640625
huntsman,	1	376	14	23.5703125
who	1	377	14	2.03125
was	1	378	14	2.765625
still	1	379	14	4.4375
wet	1	380	14	9.59375
behind	1	381	14	6.9453125
the	1	382	14	1.21875
ears,	1	383	14	9.7109375
who	1	384	14	3.15625
decided	1	385	14	6.4609375
the	1	386	14	3.0
prize	1	387	14	9.3046875
was	1	388	14	2.2421875
worth	1	389	14	5.5625
a	1	390	14	2.8359375
shot,	1	391	14	9.1484375
in	1	392	14	4.953125
spite	1	393	14	4.0703125
of	1	394	14	0.015625
the	1	395	14	0.890625
boar's	1	396	14	7.640625
reputation.	1	397	14	8.8203125
The	1	398	15	2.15625
huntsman	1	399	15	10.484375
discovered	1	400	15	8.0625
the	1	401	15	1.25
boar	1	402	15	5.4921875
preferred	1	403	15	12.6640625
to	1	404	15	2.515625
come	1	405	15	4.7578125
out	1	406	15	3.734375
in	1	407	15	2.6875
the	1	408	15	0.8828125
middle	1	409	15	4.828125
of	1	410	15	0.2421875
the	1	411	15	0.5078125
day.	1	412	15	4.0390625
So	1	413	16	4.953125
he	1	414	16	3.6484375
went	1	415	16	3.625
to	1	416	16	1.234375
the	1	417	16	0.78125
wood	1	418	16	6.703125
by	1	419	16	5.0078125
the	1	420	16	1.125
well	1	421	16	5.63671875
with	1	422	16	6.0625
his	1	423	16	2.234375
good	1	424	16	6.546875
bow,	1	425	16	7.75
to	1	426	16	4.859375
bide	1	427	16	14.68359375
his	1	428	16	3.078125
time.	1	429	16	9.28125
Around	1	430	17	8.078125
noontime,	1	431	17	23.33984375
the	1	432	17	1.4140625
boar,	1	433	17	9.41015625
feared	1	434	17	9.6796875
by	1	435	17	4.3671875
the	1	436	17	0.7109375
locals,	1	437	17	9.625
came	1	438	17	5.7265625
out,	1	439	17	6.078125
as	1	440	17	4.4921875
slow	1	441	17	9.828125
as	1	442	17	0.5625
a	1	443	17	3.4609375
snail,	1	444	17	11.60546875
from	1	445	17	6.3359375
among	1	446	17	7.41796875
the	1	447	17	0.6484375
trees,	1	448	17	7.078125
just	1	449	17	6.78125
as	1	450	17	1.1328125
the	1	451	17	1.84375
huntsman	1	452	17	8.71875
had	1	453	17	2.453125
predicted.	1	454	17	9.20703125
The	1	455	18	2.078125
huntsman	1	456	18	9.390625
leaped	1	457	18	10.1015625
from	1	458	18	3.8828125
his	1	459	18	2.5234375
hiding	1	460	18	8.8125
place	1	461	18	1.9375
and	1	462	18	2.6484375
through	1	463	18	8.0234375
the	1	464	18	0.546875
heart	1	465	18	7.31640625
with	1	466	18	4.7890625
his	1	467	18	1.1796875
fine	1	468	18	7.58203125
arrows	1	469	18	7.953125
shot	1	470	18	9.4765625
the	1	471	18	3.4921875
boar.	1	472	18	6.0078125
Now	1	473	19	5.0
the	1	474	19	1.8828125
problem	1	475	19	8.34375
was	1	476	19	0.875
no	1	477	19	5.4765625
longer	1	478	19	2.0625
to	1	479	19	4.546875
kill	1	480	19	5.3671875
the	1	481	19	0.6328125
boar.	1	482	19	4.109375
It	1	483	20	2.7890625
was	1	484	20	0.609375
to	1	485	20	5.453125
find	1	486	20	4.890625
a	1	487	20	2.1953125
way	1	488	20	3.546875
to	1	489	20	0.5078125
carry	1	490	20	6.64453125
the	1	491	20	1.25
boar	1	492	20	5.171875
back.	1	493	20	7.96484375
The	1	494	21	1.875
head	1	495	21	6.18359375
was	1	496	21	2.0859375
too	1	497	21	5.0703125
heavy	1	498	21	3.84375
for	1	499	21	1.875
the	1	500	21	0.921875
little	1	501	21	5.375
huntsman	1	502	21	7.703125
to	1	503	21	2.0234375
carry	1	504	21	5.359375
back	1	505	21	6.90234375
to	1	506	21	2.1875
the	1	507	21	0.6015625
Manor	1	508	21	8.765625
House,	1	509	21	1.5703125
but	1	510	21	2.65625
the	1	511	21	1.6171875
huntsman,	1	512	21	13.40625
who	1	513	21	1.78125
was	1	514	21	1.8203125
as	1	515	21	6.09375
quick-witted	1	516	21	18.1953125
and	1	517	21	2.7109375
cunning	1	518	21	9.40625
as	1	519	21	0.8828125
ever,	1	520	21	8.390625
asked	1	521	21	7.71875
himself,	1	522	21	6.515625
``What	1	523	21	17.34375
else	1	524	21	4.5078125
can	1	525	21	3.2890625
I	1	526	21	2.625
do	1	527	21	1.9140625
to	1	528	21	2.6484375
prove	1	529	21	6.55859375
I	1	530	21	4.3828125
killed	1	531	21	8.7890625
the	1	532	21	1.9609375
boar?''	1	533	21	10.7734375
The	1	534	22	4.2890625
next	1	535	22	6.984375
instance	1	536	22	8.765625
he	1	537	22	4.59375
opened	1	538	22	5.875
the	1	539	22	0.4453125
boar's	1	540	22	11.5078125
mouth	1	541	22	2.9765625
and	1	542	22	1.8046875
cut	1	543	22	5.125
out	1	544	22	3.359375
its	1	545	22	5.171875
tongue,	1	546	22	8.1015625
taking	1	547	22	6.2109375
that	1	548	22	5.6875
as	1	549	22	5.796875
proof	1	550	22	7.76953125
for	1	551	22	4.34765625
the	1	552	22	0.78125
Lord.	1	553	22	8.6796875
He	1	554	23	2.796875
set	1	555	23	6.1953125
out	1	556	23	2.609375
for	1	557	23	3.3828125
the	1	558	23	1.0390625
Manor	1	559	23	10.8046875
House	1	560	23	0.015625
as	1	561	23	3.5078125
quickly	1	562	23	5.2890625
as	1	563	23	0.046875
he	1	564	23	1.7578125
could	1	565	23	2.9921875
and	1	566	23	4.84375
he	1	567	23	4.0390625
had	1	568	23	3.3515625
only	1	569	23	5.78515625
been	1	570	23	2.6171875
gone	1	571	23	6.4609375
a	1	572	23	5.1484375
few	1	573	23	2.9375
minutes	1	574	23	2.625
when	1	575	23	5.296875
a	1	576	23	4.5703125
second	1	577	23	5.1640625
huntsman,	1	578	23	13.9453125
not	1	579	23	5.3046875
so	1	580	23	3.53125
bold	1	581	23	7.9765625
as	1	582	23	2.359375
the	1	583	23	2.953125
first	1	584	23	5.2578125
but	1	585	23	7.08203125
a	1	586	23	2.2578125
little	1	587	23	3.1484375
more	1	588	23	3.5703125
cunning,	1	589	23	10.1328125
came	1	590	23	6.56640625
on	1	591	23	4.671875
the	1	592	23	1.0390625
scene.	1	593	23	7.97265625
Seeing	1	594	24	7.953125
the	1	595	24	1.0078125
slain	1	596	24	10.359375
carcass	1	597	24	11.03125
of	1	598	24	1.9921875
the	1	599	24	0.625
boar,	1	600	24	5.796875
the	1	601	24	1.5078125
huntsman	1	602	24	8.46875
rejoiced	1	603	24	9.28125
in	1	604	24	3.03125
his	1	605	24	1.9609375
good	1	606	24	7.31640625
fortune.	1	607	24	9.17578125
The	1	608	25	2.0859375
second	1	609	25	6.0703125
huntsman	1	610	25	7.1875
knew	1	611	25	5.8125
a	1	612	25	4.09375
shortcut	1	613	25	11.921875
to	1	614	25	2.2578125
the	1	615	25	1.4609375
Manor	1	616	25	7.94921875
House	1	617	25	0.015625
was	1	618	25	4.0
just	1	619	25	4.25
around	1	620	25	5.8671875
the	1	621	25	1.1640625
nearby	1	622	25	7.0546875
pond,	1	623	25	8.875
and,	1	624	25	6.46875
being	1	625	25	6.67578125
a	1	626	25	2.6953125
bigger	1	627	25	8.3125
man	1	628	25	4.15625
than	1	629	25	3.1953125
the	1	630	25	1.6171875
first,	1	631	25	8.4609375
was	1	632	25	3.4375
able	1	633	25	4.671875
to	1	634	25	0.0625
pick	1	635	25	5.5546875
up	1	636	25	0.6640625
the	1	637	25	0.859375
boar's	1	638	25	8.75
head	1	639	25	2.609375
and	1	640	25	2.3046875
carry	1	641	25	5.765625
it	1	642	25	2.46875
through	1	643	25	4.609375
the	1	644	25	0.5390625
wood	1	645	25	5.796875
towards	1	646	25	9.015625
the	1	647	25	0.265625
prize	1	648	25	12.171875
that	1	649	25	4.8515625
awaited	1	650	25	8.0
him.	1	651	25	1.7578125
The	1	652	26	1.8203125
Lord	1	653	26	6.4765625
of	1	654	26	3.203125
the	1	655	26	0.1328125
Manor	1	656	26	2.1640625
was	1	657	26	7.421875
seated	1	658	26	6.1171875
in	1	659	26	1.8984375
his	1	660	26	2.4375
hall	1	661	26	7.51953125
when	1	662	26	5.6328125
the	1	663	26	1.1796875
second	1	664	26	6.38671875
huntsman	1	665	26	6.859375
burst	1	666	26	7.9453125
through	1	667	26	4.1484375
the	1	668	26	0.4375
door	1	669	26	4.21875
and	1	670	26	1.9140625
began	1	671	26	4.40625
to	1	672	26	0.7890625
spin	1	673	26	7.74609375
a	1	674	26	3.4140625
line.	1	675	26	8.07421875
``The	1	676	27	14.171875
woes	1	677	27	12.57421875
of	1	678	27	2.3359375
Bradford	1	679	27	5.5390625
are	1	680	27	4.67578125
ended!''	1	681	27	20.63671875
he	1	682	28	5.80078125
announced.	1	683	28	11.578125
``With	1	684	29	10.6484375
my	1	685	29	5.27734375
own	1	686	29	3.484375
hand	1	687	29	4.61328125
I	1	688	29	3.9609375
have	1	689	29	3.75
slain	1	690	29	8.734375
the	1	691	29	1.3046875
boar!''	1	692	29	10.49609375
And,	1	693	30	11.0390625
with	1	694	30	4.125
that,	1	695	30	6.796875
at	1	696	30	4.8359375
the	1	697	30	0.953125
feet	1	698	30	7.140625
of	1	699	30	1.1171875
his	1	700	30	3.1875
lord	1	701	30	7.8828125
he	1	702	30	6.94921875
dropped	1	703	30	7.4921875
the	1	704	30	1.1953125
boar's	1	705	30	7.75
enormous	1	706	30	10.4921875
head.	1	707	30	5.84375
``Then	1	708	31	9.484375
you	1	709	31	2.953125
will	1	710	31	2.8125
be	1	711	31	2.1796875
rewarded,	1	712	31	11.53125
as	1	713	31	4.15625
I	1	714	31	2.640625
promised.''	1	715	31	14.14453125
``But	1	716	32	8.2421875
first,	1	717	32	8.4453125
let	1	718	32	4.75
me	1	719	32	1.984375
examine	1	720	32	6.75390625
the	1	721	32	0.78125
head	1	722	32	7.0703125
of	1	723	32	2.1796875
this	1	724	32	4.140625
monster,''	1	725	32	16.30859375
said	1	726	32	1.796875
the	1	727	32	1.546875
Lord	1	728	32	4.1640625
of	1	729	32	0.8515625
the	1	730	32	0.0546875
Manor.	1	731	32	7.390625
To	1	732	33	7.17578125
not	1	733	33	7.06640625
examine	1	734	33	8.9453125
the	1	735	33	0.3046875
head	1	736	33	1.5625
in	1	737	33	3.859375
advance	1	738	33	6.57421875
had	1	739	33	9.1171875
not	1	740	33	3.875
been	1	741	33	1.375
very	1	742	33	5.859375
clever	1	743	33	6.27734375
on	1	744	33	5.5
the	1	745	33	0.4375
part	1	746	33	4.8984375
of	1	747	33	0.3359375
the	1	748	33	0.296875
huntsman.	1	749	33	13.8125
Right	1	750	34	8.234375
away,	1	751	34	4.0625
the	1	752	34	1.8203125
Lord	1	753	34	3.6015625
noticed	1	754	34	7.69140625
the	1	755	34	0.8671875
tongue	1	756	34	7.9375
of	1	757	34	0.8828125
the	1	758	34	0.59375
boar	1	759	34	5.74609375
was	1	760	34	4.4921875
missing	1	761	34	7.125
and	1	762	34	3.0859375
exclaimed,	1	763	34	12.078125
``What	1	764	34	9.0859375
is	1	765	34	3.0
this?	1	766	34	5.140625
A	1	767	35	4.7109375
boar	1	768	35	8.7890625
with	1	769	35	5.75390625
no	1	770	35	3.7109375
tongue?''	1	771	35	11.90234375
He	1	772	36	3.9453125
looked	1	773	36	3.0625
at	1	774	36	1.734375
the	1	775	36	0.6796875
huntsman,	1	776	36	10.84375
dubiously.	1	777	36	15.7578125
``How	1	778	37	7.71875
come	1	779	37	5.92578125
this	1	780	37	2.8984375
creature	1	781	37	7.1796875
has	1	782	37	6.51171875
no	1	783	37	4.734375
tongue?''	1	784	37	9.24609375
he	1	785	38	4.1640625
demanded.	1	786	38	5.6953125
All	1	787	39	7.33984375
eyes	1	788	39	5.578125
were	1	789	39	1.390625
on	1	790	39	5.4140625
the	1	791	39	0.3046875
huntsman.	1	792	39	11.3984375
The	1	793	40	3.078125
huntsman	1	794	40	8.828125
questioned	1	795	40	9.8203125
by	1	796	40	6.32421875
the	1	797	40	0.3828125
Lord	1	798	40	2.7109375
replied,	1	799	40	11.0625
``I	1	800	40	5.4453125
cannot	1	801	40	4.99609375
say,	1	802	40	4.265625
my	1	803	40	6.4765625
Lord.''	1	804	40	14.109375
He	1	805	41	3.8359375
was	1	806	41	3.1171875
suddenly	1	807	41	6.55078125
realizing	1	808	41	7.8203125
his	1	809	41	3.5625
tricky	1	810	41	13.171875
situation	1	811	41	4.9140625
could	1	812	41	7.046875
end	1	813	41	6.4765625
badly	1	814	41	9.7421875
for	1	815	41	5.078125
him.	1	816	41	2.78125
Through	1	817	42	7.7109375
the	1	818	42	0.703125
door	1	819	42	5.62109375
at	1	820	42	6.3125
this	1	821	42	2.6328125
moment,	1	822	42	2.3359375
the	1	823	42	1.6484375
first	1	824	42	5.2265625
huntsman	1	825	42	8.5
burst.	1	826	42	10.78125
``The	1	827	43	5.375
woes	1	828	43	3.8046875
of	1	829	43	1.578125
Bradford	1	830	43	2.6875
are	1	831	43	3.3671875
ended!''	1	832	43	11.484375
he	1	833	44	1.9140625
cried.	1	834	44	6.921875
``I	1	835	45	4.3828125
have	1	836	45	3.34375
slain	1	837	45	4.59375
the	1	838	45	0.890625
boar	1	839	45	4.859375
the	1	840	45	5.84375
people	1	841	45	6.921875
of	1	842	45	0.9140625
Bradford	1	843	45	1.6015625
dreaded!''	1	844	45	20.94140625
All	1	845	46	7.55078125
eyes	1	846	46	3.15625
turned	1	847	46	6.1796875
to	1	848	46	2.3203125
the	1	849	46	1.2109375
man	1	850	46	3.671875
who	1	851	46	2.5
now	1	852	46	6.66796875
stood	1	853	46	3.5546875
in	1	854	46	2.21875
the	1	855	46	0.796875
doorway.	1	856	46	5.8671875
``The	1	857	47	4.09375
reward	1	858	47	9.0546875
is	1	859	47	3.296875
already	1	860	47	5.8125
given,''	1	861	47	13.8203125
said	1	862	47	0.859375
the	1	863	47	0.5078125
Lord	1	864	47	1.0234375
of	1	865	47	1.6171875
the	1	866	47	0.046875
Manor.	1	867	47	7.40625
``The	1	868	48	2.7109375
man	1	869	48	4.2578125
here	1	870	48	6.28515625
has	1	871	48	3.0
brought	1	872	48	5.5703125
to	1	873	48	4.265625
me	1	874	48	3.203125
the	1	875	48	3.3671875
boar's	1	876	48	12.5859375
head.''	1	877	48	10.515625
``Then	1	878	49	6.9453125
where	1	879	49	5.5625
is	1	880	49	4.625
its	1	881	49	6.60546875
tongue?''	1	882	49	11.4140625
the	1	883	50	3.234375
first	1	884	50	5.96484375
huntsman	1	885	50	7.50390625
replied.	1	886	50	6.2265625
And,	1	887	51	9.37890625
so	1	888	51	5.70703125
saying,	1	889	51	8.515625
he	1	890	51	5.3984375
drew	1	891	51	6.5390625
out	1	892	51	4.6953125
the	1	893	51	0.9921875
boar's	1	894	51	8.57421875
tongue	1	895	51	4.7890625
he	1	896	51	6.0546875
had	1	897	51	2.9765625
put	1	898	51	4.9921875
in	1	899	51	2.953125
his	1	900	51	1.65625
hunting	1	901	51	10.96875
pouch	1	902	51	9.203125
and	1	903	51	2.1171875
related	1	904	51	12.3359375
how	1	905	51	5.52734375
he	1	906	51	1.9296875
had	1	907	51	2.2421875
ambushed	1	908	51	12.4375
the	1	909	51	1.34375
creature	1	910	51	5.859375
in	1	911	51	3.140625
the	1	912	51	1.03125
wood	1	913	51	5.8046875
and	1	914	51	1.703125
cut	1	915	51	5.8984375
out	1	916	51	1.2578125
its	1	917	51	3.609375
tongue	1	918	51	2.7734375
as	1	919	51	3.9609375
proof	1	920	51	8.09375
of	1	921	51	1.8515625
his	1	922	51	2.4609375
victory.	1	923	51	8.7578125
Listening	1	924	52	11.5703125
to	1	925	52	1.9296875
the	1	926	52	0.6484375
tale,	1	927	52	10.578125
the	1	928	52	2.34375
Lord	1	929	52	3.8671875
of	1	930	52	1.3046875
the	1	931	52	0.0625
Manor	1	932	52	1.40625
tried	1	933	52	14.0703125
to	1	934	52	0.140625
discern	1	935	52	7.98046875
which	1	936	52	6.58203125
huntsman	1	937	52	11.6015625
was	1	938	52	1.96875
telling	1	939	52	6.51171875
him	1	940	52	1.1953125
the	1	941	52	2.71875
truth	1	942	52	3.2578125
and	1	943	52	3.1875
what	1	944	52	4.6640625
the	1	945	52	2.84375
two	1	946	52	5.4453125
huntsmen	1	947	52	11.3203125
were	1	948	52	2.5703125
thinking	1	949	52	4.796875
as	1	950	52	5.3359375
they	1	951	52	2.7109375
waited	1	952	52	5.703125
for	1	953	52	1.28125
him	1	954	52	1.59375
to	1	955	52	1.1171875
make	1	956	52	4.0078125
a	1	957	52	1.890625
decision.	1	958	52	5.390625
Almost	1	959	53	8.9453125
instantly,	1	960	53	6.0390625
the	1	961	53	1.75
Lord	1	962	53	1.8046875
saw	1	963	53	5.3203125
that	1	964	53	3.3046875
the	1	965	53	0.984375
second	1	966	53	7.7890625
huntsman	1	967	53	6.69921875
had	1	968	53	1.890625
fed	1	969	53	8.2421875
him	1	970	53	2.0
a	1	971	53	2.8828125
pack	1	972	53	7.15625
of	1	973	53	0.6953125
lies	1	974	53	11.921875
and	1	975	53	2.2421875
it	1	976	53	5.3515625
was	1	977	53	0.9140625
the	1	978	53	2.609375
first	1	979	53	3.625
huntsman	1	980	53	8.203125
who	1	981	53	2.984375
was	1	982	53	2.7578125
the	1	983	53	3.5625
true	1	984	53	7.89453125
savior	1	985	53	9.44140625
of	1	986	53	1.9765625
Bradford.	1	987	53	6.37109375
The	1	988	54	2.25
Lord	1	989	54	2.6015625
believed	1	990	54	7.265625
the	1	991	54	1.4375
second	1	992	54	6.40234375
huntsman	1	993	54	6.82421875
had	1	994	54	2.296875
tried	1	995	54	5.671875
to	1	996	54	0.328125
steal	1	997	54	5.97265625
the	1	998	54	1.453125
first	1	999	54	6.1953125
huntsman's	1	1000	54	9.54296875
prize	1	1001	54	9.109375
and	1	1002	54	2.4921875
so	1	1003	54	5.75390625
proclaimed	1	1004	54	10.796875
the	1	1005	54	2.1328125
first	1	1006	54	4.2421875
huntsman	1	1007	54	7.4453125
the	1	1008	54	5.86328125
true	1	1009	54	6.41015625
victor.	1	1010	54	11.140625
The	1	1011	55	2.0703125
Lord	1	1012	55	2.4375
wondered	1	1013	55	6.109375
for	1	1014	55	4.3125
a	1	1015	55	3.3125
moment	1	1016	55	2.1484375
why	1	1017	55	5.59375
he	1	1018	55	1.7734375
always	1	1019	55	7.46875
encountered	1	1020	55	7.73828125
so	1	1021	55	6.38671875
much	1	1022	55	2.4453125
chicanery	1	1023	55	17.94921875
in	1	1024	55	3.2265625
his	1	1025	55	1.7265625
everyday	1	1026	55	9.6953125
interactions.	1	1027	55	10.9609375
The	1	1028	56	2.921875
huntsman	1	1029	56	11.25
who	1	1030	56	3.890625
had	1	1031	56	1.859375
earned	1	1032	56	7.62890625
his	1	1033	56	1.2109375
prize	1	1034	56	4.9765625
fair	1	1035	56	10.8359375
and	1	1036	56	1.921875
square	1	1037	56	9.8359375
received	1	1038	56	12.109375
as	1	1039	56	5.8359375
his	1	1040	56	3.25
reward	1	1041	56	5.6875
a	1	1042	56	7.86328125
piece	1	1043	56	5.98046875
of	1	1044	56	0.3828125
land	1	1045	56	6.65625
just	1	1046	56	6.94921875
outside	1	1047	56	4.546875
the	1	1048	56	0.4765625
town,	1	1049	56	6.703125
known	1	1050	56	7.44140625
thereafter	1	1051	56	11.1796875
as	1	1052	56	1.859375
Hunt	1	1053	56	9.71875
Yard.	1	1054	56	11.75
His	1	1055	57	4.8515625
fame	1	1056	57	8.03125
was	1	1057	57	1.515625
indeed	1	1058	57	7.22265625
assured,	1	1059	57	12.5234375
but	1	1060	57	1.875
it	1	1061	57	3.1171875
was	1	1062	57	0.7734375
not	1	1063	57	2.703125
nearly	1	1064	57	6.65625
as	1	1065	57	1.515625
lasting	1	1066	57	9.7734375
as	1	1067	57	0.671875
that	1	1068	57	5.3671875
of	1	1069	57	2.5
the	1	1070	57	0.9609375
fearsome	1	1071	57	12.4296875
Bradford	1	1072	57	12.3515625
Boar.	1	1073	57	15.890625
A	2	1	1	8.140625
clear	2	2	1	9.8125
and	2	3	1	4.640625
joyous	2	4	1	15.3984375
day	2	5	1	5.6015625
it	2	6	1	7.5
was	2	7	1	2.4921875
and	2	8	1	5.171875
out	2	9	1	6.31640625
on	2	10	1	4.859375
the	2	11	1	1.2421875
wide	2	12	1	8.921875
open	2	13	1	2.8125
sea,	2	14	1	9.27734375
thousands	2	15	1	9.3125
upon	2	16	1	7.703125
thousands	2	17	1	5.09375
of	2	18	1	0.328125
sparkling	2	19	1	7.76171875
water	2	20	1	3.453125
drops,	2	21	1	12.7734375
excited	2	22	1	10.71875
by	2	23	1	1.796875
getting	2	24	1	8.859375
to	2	25	1	3.6796875
play	2	26	1	7.140625
in	2	27	1	3.7890625
the	2	28	1	0.75
ocean,	2	29	1	6.6796875
danced	2	30	1	9.984375
all	2	31	1	5.5390625
around.	2	32	1	6.203125
One	2	33	2	5.5546875
of	2	34	2	1.328125
these	2	35	2	3.4296875
was	2	36	2	4.328125
a	2	37	2	1.6953125
merry	2	38	2	8.890625
little	2	39	2	3.4296875
fellow	2	40	2	6.6875
named	2	41	2	6.78515625
Aqua,	2	42	2	13.0703125
who	2	43	2	2.390625
danced	2	44	2	6.2421875
on	2	45	2	3.46875
the	2	46	2	0.7109375
silver	2	47	2	7.30859375
backs	2	48	2	10.0859375
of	2	49	2	0.8671875
the	2	50	2	1.0390625
fishes	2	51	2	10.09375
as	2	52	2	4.9296875
they	2	53	2	2.421875
plunged	2	54	2	7.7265625
up	2	55	2	4.8515625
and	2	56	2	3.25
down	2	57	2	2.2109375
in	2	58	2	3.6015625
the	2	59	2	0.78125
waves,	2	60	2	7.4921875
and,	2	61	2	6.6484375
no	2	62	2	7.02734375
matter	2	63	2	3.1015625
how	2	64	2	0.6640625
high	2	65	2	6.88671875
he	2	66	2	4.4375
sprung,	2	67	2	12.7734375
he	2	68	2	3.7421875
always	2	69	2	6.6171875
came	2	70	2	4.5703125
down	2	71	2	3.078125
again	2	72	2	4.8984375
into	2	73	2	6.2578125
his	2	74	2	2.8359375
mother's	2	75	2	8.28515625
lap.	2	76	2	5.71875
His	2	77	3	3.84375
mother,	2	78	3	6.4140625
you	2	79	3	7.82421875
know,	2	80	3	2.2109375
was	2	81	3	2.59375
the	2	82	3	2.5390625
ocean,	2	83	3	8.64453125
and	2	84	3	1.4296875
very	2	85	3	7.56640625
beautiful	2	86	3	4.2265625
she	2	87	3	5.8359375
looked	2	88	3	4.484375
that	2	89	3	6.7109375
summer	2	90	3	6.65234375
day	2	91	3	5.0859375
in	2	92	3	3.7578125
her	2	93	3	2.2734375
dark	2	94	3	3.90625
blue	2	95	3	3.9296875
dress	2	96	3	6.0546875
and	2	97	3	2.6875
white	2	98	3	4.6953125
ruffles.	2	99	3	14.23046875
By	2	100	4	6.515625
and	2	101	4	7.29296875
by,	2	102	4	5.34375
the	2	103	4	2.75
happy	2	104	4	8.609375
water	2	105	4	6.92578125
drop	2	106	4	7.6953125
tired	2	107	4	11.9921875
of	2	108	4	2.7578125
his	2	109	4	3.9453125
play,	2	110	4	10.0859375
and	2	111	4	2.109375
looking	2	112	4	8.515625
up	2	113	4	3.46875
to	2	114	4	3.234375
the	2	115	4	1.3125
clear	2	116	4	8.359375
sky	2	117	4	4.5546875
above	2	118	4	4.4609375
him,	2	119	4	3.6328125
thought	2	120	4	8.421875
he	2	121	4	3.3984375
would	2	122	4	2.8671875
like	2	123	4	4.8359375
to	2	124	4	0.703125
have	2	125	4	3.3671875
a	2	126	4	1.9375
sail	2	127	4	8.15625
on	2	128	4	2.796875
one	2	129	4	4.8828125
of	2	130	4	1.6015625
the	2	131	4	0.484375
white,	2	132	4	10.1875
marshmallow-like	2	133	4	22.59375
clouds,	2	134	4	4.953125
instead	2	135	4	7.16015625
of	2	136	4	0.1953125
spending	2	137	4	9.046875
his	2	138	4	1.703125
whole	2	139	4	4.328125
life	2	140	4	1.734375
in	2	141	4	2.3203125
the	2	142	4	0.9296875
ocean.	2	143	4	3.984375
Of	2	144	5	6.984375
the	2	145	5	1.46875
sky,	2	146	5	5.5
little	2	147	5	7.06640625
Aqua	2	148	5	13.234375
had	2	149	5	3.390625
always	2	150	5	4.40625
been	2	151	5	1.296875
afraid,	2	152	5	10.9453125
but	2	153	5	2.2421875
he	2	154	5	2.8359375
decided	2	155	5	6.34375
to	2	156	5	1.1640625
finally	2	157	5	7.2421875
face	2	158	5	6.60546875
his	2	159	5	2.390625
demons	2	160	5	8.78125
and	2	161	5	2.390625
suggested	2	162	5	11.25
a	2	163	5	2.8125
solution	2	164	5	8.9375
involving	2	165	5	10.140625
the	2	166	5	1.4375
sun	2	167	5	3.5625
carrying	2	168	5	8.9453125
him	2	169	5	3.7890625
up	2	170	5	4.0703125
to	2	171	5	2.5234375
the	2	172	5	1.0859375
sky	2	173	5	2.8046875
would	2	174	5	8.4375
be	2	175	5	2.4453125
ideal.	2	176	5	9.875
The	2	177	6	2.90625
sun	2	178	6	2.8203125
understood	2	179	6	10.765625
Aqua's	2	180	6	12.640625
request	2	181	6	9.9375
came	2	182	6	6.55859375
from	2	183	6	2.15625
his	2	184	6	2.625
heart,	2	185	6	5.953125
so	2	186	6	4.109375
he	2	187	6	1.3828125
acquiesced	2	188	6	14.8203125
and	2	189	6	3.2890625
also	2	190	6	8.171875
took	2	191	6	4.640625
ever	2	192	6	12.0625
so	2	193	6	3.6640625
many	2	194	6	3.171875
other	2	195	6	5.03125
drops,	2	196	6	12.15625
so	2	197	6	3.609375
that	2	198	6	2.7265625
Aqua	2	199	6	9.59375
might	2	200	6	3.8984375
not	2	201	6	2.296875
be	2	202	6	1.859375
lonesome	2	203	6	17.1015625
on	2	204	6	6.8359375
the	2	205	6	0.7578125
way.	2	206	6	7.828125
It	2	207	7	3.5078125
was	2	208	7	0.8671875
only	2	209	7	4.5859375
the	2	210	7	2.765625
sun	2	211	7	3.578125
that	2	212	7	3.9453125
knew	2	213	7	8.5859375
this,	2	214	7	8.37109375
however,	2	215	7	6.21875
for	2	216	7	4.75
all	2	217	7	3.3515625
the	2	218	7	1.1171875
other	2	219	7	4.078125
drops	2	220	7	7.83203125
had	2	221	7	4.984375
been	2	222	7	1.3125
changed	2	223	7	6.3828125
into	2	224	7	4.9375
fine	2	225	7	10.859375
mist	2	226	7	7.34375
or	2	227	7	5.9921875
vapor	2	228	7	10.671875
and	2	229	7	5.48828125
Aqua	2	230	7	12.6640625
could	2	231	7	3.375
not	2	232	7	1.4375
see	2	233	7	3.875
them.	2	234	7	5.1875
Do	2	235	8	8.578125
you	2	236	8	1.671875
know	2	237	8	1.328125
what	2	238	8	2.734375
vapor	2	239	8	11.9140625
is?	2	240	8	5.890625
If	2	241	9	3.421875
you	2	242	9	0.84375
breathe	2	243	9	8.5703125
into	2	244	9	4.0546875
the	2	245	9	1.1640625
air,	2	246	9	3.484375
when	2	247	9	6.4140625
it	2	248	9	2.765625
is	2	249	9	2.1015625
cold	2	250	9	4.3515625
enough,	2	251	9	4.9609375
you	2	252	9	1.2734375
will	2	253	9	2.9765625
see	2	254	9	3.546875
it	2	255	9	2.3984375
coming	2	256	9	5.234375
out	2	257	9	3.15625
of	2	258	9	1.84375
your	2	259	9	2.0625
mouth	2	260	9	3.6484375
thick	2	261	9	10.65625
and	2	262	9	2.265625
fast	2	263	9	6.1171875
like	2	264	9	6.36328125
steam.	2	265	9	9.609375
When	2	266	10	4.2890625
the	2	267	10	2.5078125
vapor	2	268	10	9.8125
is	2	269	10	1.328125
quite	2	270	10	7.74609375
near	2	271	10	7.05859375
the	2	272	10	1.0546875
earth,	2	273	10	4.5546875
we	2	274	10	4.375
call	2	275	10	6.34765625
it	2	276	10	0.65625
``fog''.	2	277	10	33.1171875
Into	2	278	11	10.140625
vapor	2	279	11	11.84375
the	2	280	11	5.46484375
water	2	281	11	2.1171875
drops	2	282	11	5.921875
that	2	283	11	3.6796875
danced	2	284	11	11.2421875
in	2	285	11	3.0703125
the	2	286	11	0.7734375
ocean	2	287	11	3.046875
had	2	288	11	7.6875
been	2	289	11	1.3125
changed,	2	290	11	7.8359375
because	2	291	11	5.0625
in	2	292	11	4.8046875
their	2	293	11	5.953125
own	2	294	11	4.71875
shape	2	295	11	6.88671875
they	2	296	11	5.015625
were	2	297	11	2.203125
too	2	298	11	4.0
heavy	2	299	11	3.8046875
for	2	300	11	2.5
the	2	301	11	1.4921875
sunbeams	2	302	11	19.0546875
that	2	303	11	3.78125
the	2	304	11	3.3203125
sun	2	305	11	1.734375
let	2	306	11	9.2734375
out	2	307	11	3.4609375
to	2	308	11	4.6328125
carry.	2	309	11	10.48046875
Higher	2	310	12	11.140625
and	2	311	12	4.4140625
higher	2	312	12	3.4921875
they	2	313	12	6.98828125
sailed,	2	314	12	12.15625
and	2	315	12	2.40625
though	2	316	12	5.78515625
it	2	317	12	3.046875
was	2	318	12	1.1015625
grand,	2	319	12	13.5234375
Aqua	2	320	12	12.875
and	2	321	12	4.78125
his	2	322	12	3.71875
friends	2	323	12	4.546875
were	2	324	12	2.265625
like	2	325	12	5.5703125
fish	2	326	12	7.22265625
out	2	327	12	7.4140625
of	2	328	12	1.34375
water,	2	329	12	4.953125
so	2	330	12	3.3359375
they	2	331	12	2.671875
grew	2	332	12	7.1796875
quite	2	333	12	5.953125
dizzy.	2	334	12	9.58203125
They	2	335	13	2.828125
enjoyed	2	336	13	6.83984375
looking	2	337	13	7.265625
down	2	338	13	3.4296875
on	2	339	13	3.265625
the	2	340	13	0.78125
world	2	341	13	6.390625
below,	2	342	13	9.46875
while	2	343	13	4.9140625
the	2	344	13	2.1171875
wind	2	345	13	4.1484375
scattered	2	346	13	8.703125
them	2	347	13	5.0625
across	2	348	13	5.5859375
the	2	349	13	0.375
four	2	350	13	8.84375
corners	2	351	13	4.8671875
of	2	352	13	0.4765625
the	2	353	13	0.2421875
earth,	2	354	13	4.2421875
but	2	355	13	4.5546875
after	2	356	13	4.90625
a	2	357	13	2.34375
while	2	358	13	3.8515625
it	2	359	13	2.5703125
grew	2	360	13	5.875
nearly	2	361	13	6.50390625
time	2	362	13	7.08203125
for	2	363	13	3.3671875
the	2	364	13	1.15625
sun	2	365	13	1.5078125
to	2	366	13	3.5625
go	2	367	13	4.4140625
to	2	368	13	2.3515625
bed.	2	369	13	6.125
He	2	370	14	4.4296875
became	2	371	14	5.640625
very	2	372	14	4.265625
red	2	373	14	6.81640625
in	2	374	14	3.3203125
the	2	375	14	0.7265625
face,	2	376	14	7.94921875
and	2	377	14	1.2265625
began	2	378	14	6.08984375
to	2	379	14	0.390625
sink	2	380	14	6.26171875
lower	2	381	14	10.484375
and	2	382	14	2.1171875
lower,	2	383	14	5.578125
until	2	384	14	5.25
suddenly	2	385	14	5.7890625
he	2	386	14	2.8671875
went	2	387	14	4.1953125
clear	2	388	14	9.03125
out	2	389	14	5.7109375
of	2	390	14	1.3203125
sight!	2	391	14	11.5
Poor	2	392	15	8.6953125
little	2	393	15	4.0
Aqua,	2	394	15	9.84375
frightened	2	395	15	7.96484375
by	2	396	15	2.28125
the	2	397	15	1.03125
impending	2	398	15	10.75
cold	2	399	15	4.1640625
and	2	400	15	3.453125
darkness,	2	401	15	7.22265625
wished	2	402	15	8.921875
he	2	403	15	1.6953125
could	2	404	15	1.7890625
sleep	2	405	15	5.4453125
not	2	406	15	7.9453125
in	2	407	15	4.15625
the	2	408	15	1.0390625
sky,	2	409	15	5.0234375
but	2	410	15	2.125
somewhere	2	411	15	8.765625
closer	2	412	15	6.09765625
to	2	413	15	1.8203125
earth.	2	414	15	7.046875
Then	2	415	16	4.1484375
Aqua	2	416	16	11.453125
heard	2	417	16	5.85546875
the	2	418	16	1.2734375
wind	2	419	16	2.6171875
blow	2	420	16	8.03125
and	2	421	16	2.7578125
conjectured	2	422	16	14.0625
that	2	423	16	1.7265625
maybe	2	424	16	8.5625
the	2	425	16	2.5390625
wind	2	426	16	2.5703125
could	2	427	16	4.15625
take	2	428	16	4.8984375
him	2	429	16	3.390625
back	2	430	16	3.359375
down	2	431	16	4.0625
to	2	432	16	2.5625
the	2	433	16	0.90625
ocean.	2	434	16	4.2109375
Indeed,	2	435	17	7.8046875
the	2	436	17	1.9140625
wind	2	437	17	1.3671875
took	2	438	17	5.62890625
pity	2	439	17	6.73046875
on	2	440	17	1.7265625
him	2	441	17	2.5703125
and	2	442	17	2.140625
fanned	2	443	17	12.4921875
him,	2	444	17	4.0234375
together	2	445	17	9.8671875
with	2	446	17	1.53125
all	2	447	17	4.28125
of	2	448	17	2.96875
his	2	449	17	2.265625
brothers	2	450	17	7.4375
and	2	451	17	1.6328125
sisters,	2	452	17	1.84375
into	2	453	17	6.06640625
a	2	454	17	2.0234375
heavy	2	455	17	5.65625
gray	2	456	17	6.61328125
cloud,	2	457	17	6.015625
after	2	458	17	6.765625
which	2	459	17	2.90625
he	2	460	17	0.984375
blew	2	461	17	8.328125
them	2	462	17	3.8515625
apart	2	463	17	4.1171875
and	2	464	17	2.375
told	2	465	17	6.33203125
them	2	466	17	1.3671875
to	2	467	17	2.0859375
hurry	2	468	17	7.65234375
down,	2	469	17	5.765625
fast	2	470	17	9.6640625
and	2	471	17	2.0
furious	2	472	17	6.5859375
to	2	473	17	4.375
the	2	474	17	2.515625
earth,	2	475	17	5.2578125
so	2	476	17	3.703125
they	2	477	17	2.671875
could	2	478	17	2.2890625
have	2	479	17	3.96875
a	2	480	17	3.7421875
fighting	2	481	17	8.59375
chance	2	482	17	7.69921875
of	2	483	17	2.421875
reaching	2	484	17	5.99609375
the	2	485	17	1.40625
ocean.	2	486	17	3.90625
Down	2	487	18	9.0
they	2	488	18	7.0078125
went,	2	489	18	7.65625
rolling	2	490	18	7.55859375
over	2	491	18	4.2421875
each	2	492	18	6.33203125
other	2	493	18	0.5625
until	2	494	18	4.8515625
with	2	495	18	7.89453125
a	2	496	18	1.203125
patter	2	497	18	12.09375
and	2	498	18	3.2578125
clatter	2	499	18	11.0703125
and	2	500	18	3.046875
spatter	2	501	18	12.8671875
they	2	502	18	5.375
touched	2	503	18	7.15234375
the	2	504	18	1.421875
ground,	2	505	18	4.765625
and	2	506	18	1.25
all	2	507	18	5.2578125
the	2	508	18	1.265625
people	2	509	18	5.9296875
that	2	510	18	3.7109375
the	2	511	18	4.421875
raindrops	2	512	18	15.359375
fell	2	513	18	5.390625
on	2	514	18	2.7890625
cried,	2	515	18	15.984375
``It's	2	516	18	19.484375
raining'',	2	517	18	22.6875
and	2	518	18	1.875
took	2	519	18	7.95703125
out	2	520	18	4.3515625
their	2	521	18	3.671875
umbrellas.	2	522	18	13.9765625
Some	2	523	19	5.296875
of	2	524	19	1.8046875
the	2	525	19	0.6640625
drops	2	526	19	9.1171875
that	2	527	19	2.9765625
were	2	528	19	3.421875
the	2	529	19	3.4921875
most	2	530	19	4.53125
fortunate,	2	531	19	8.96875
including	2	532	19	5.66015625
Aqua,	2	533	19	11.0078125
fell	2	534	19	8.1171875
on	2	535	19	2.2265625
a	2	536	19	2.84375
mountainside,	2	537	19	12.40625
and	2	538	19	1.3515625
down	2	539	19	6.98828125
the	2	540	19	1.7421875
rocky	2	541	19	5.2421875
cliff	2	542	19	3.875
they	2	543	19	6.59375
ran.	2	544	19	8.6328125
Together	2	545	20	7.67578125
they	2	546	20	0.6015625
plunged	2	547	20	7.890625
into	2	548	20	2.234375
a	2	549	20	2.25
mountain	2	550	20	5.0390625
brook,	2	551	20	13.09375
which	2	552	20	3.6640625
came	2	553	20	4.625
foaming	2	554	20	13.984375
and	2	555	20	2.9375
dashing	2	556	20	8.953125
along,	2	557	20	8.6171875
leaping	2	558	20	9.90625
over	2	559	20	2.875
rocks	2	560	20	6.12109375
and	2	561	20	1.3359375
rushing	2	562	20	8.140625
down	2	563	20	2.8125
the	2	564	20	1.5703125
hillside,	2	565	20	8.875
until	2	566	20	5.83203125
in	2	567	20	5.76953125
the	2	568	20	0.796875
valley	2	569	20	4.3515625
below	2	570	20	4.734375
they	2	571	20	4.984375
heard	2	572	20	4.453125
the	2	573	20	1.1796875
strangest	2	574	20	9.875
clattering	2	575	20	12.46484375
noise.	2	576	20	7.28125
The	2	577	21	2.40625
little	2	578	21	6.0546875
water	2	579	21	5.0625
drops	2	580	21	5.5
were	2	581	21	3.734375
then	2	582	21	5.046875
able	2	583	21	9.1484375
to	2	584	21	0.09375
make	2	585	21	4.0078125
out	2	586	21	4.3515625
a	2	587	21	2.328125
flour	2	588	21	10.546875
mill	2	589	21	9.296875
that	2	590	21	3.03125
was	2	591	21	3.046875
standing	2	592	21	6.88671875
on	2	593	21	2.15625
the	2	594	21	0.4296875
bank.	2	595	21	11.046875
Inside	2	596	22	7.609375
the	2	597	22	1.0234375
mill,	2	598	22	9.3125
the	2	599	22	1.5546875
water	2	600	22	2.5234375
drops	2	601	22	2.8515625
saw	2	602	22	8.375
two	2	603	22	4.75
great	2	604	22	5.91796875
stones,	2	605	22	6.1484375
which	2	606	22	3.7734375
the	2	607	22	3.609375
big	2	608	22	6.97265625
wheel	2	609	22	8.21875
kept	2	610	22	7.1953125
whizzing	2	611	22	14.5625
round	2	612	22	7.31640625
and	2	613	22	2.3984375
round.	2	614	22	6.71875
The	2	615	23	1.640625
stones,	2	616	23	8.7734375
smoothed	2	617	23	9.421875
by	2	618	23	3.296875
the	2	619	23	1.0390625
spinning,	2	620	23	12.6015625
were	2	621	23	4.0703125
busy	2	622	23	8.828125
grinding	2	623	23	7.41015625
the	2	624	23	2.5
wheat	2	625	23	8.5625
into	2	626	23	3.0
flour	2	627	23	10.390625
and	2	628	23	1.5390625
the	2	629	23	3.3046875
corn	2	630	23	5.6484375
into	2	631	23	4.5390625
golden	2	632	23	5.94921875
meal.	2	633	23	12.2421875
But	2	634	24	4.1640625
what	2	635	24	5.2734375
giant	2	636	24	9.015625
do	2	637	24	6.48828125
you	2	638	24	2.7734375
suppose	2	639	24	4.9453125
it	2	640	24	2.96875
was	2	641	24	1.0859375
who	2	642	24	8.546875
could	2	643	24	4.2265625
turn	2	644	24	5.109375
and	2	645	24	4.46875
swing	2	646	24	6.87890625
that	2	647	24	5.40625
tremendous	2	648	24	11.1015625
wheel?	2	649	24	13.0625
No	2	650	25	4.53125
giant	2	651	25	10.515625
at	2	652	25	6.90625
all.	2	653	25	5.015625
It	2	654	26	3.21875
was	2	655	26	0.8125
just	2	656	26	4.2421875
our	2	657	26	6.2734375
tiny	2	658	26	5.39453125
little	2	659	26	3.703125
water	2	660	26	3.8203125
drops,	2	661	26	5.6875
who	2	662	26	7.73046875
sprang	2	663	26	7.3515625
on	2	664	26	4.765625
it	2	665	26	3.1875
by	2	666	26	5.2265625
hundreds	2	667	26	9.578125
and	2	668	26	2.9921875
thousands,	2	669	26	4.5703125
and	2	670	26	1.3359375
whirled	2	671	26	11.265625
it	2	672	26	2.71875
over	2	673	26	3.4375
and	2	674	26	2.5078125
over.	2	675	26	5.34375
It	2	676	27	2.8046875
was	2	677	27	0.6953125
lucky	2	678	27	10.578125
for	2	679	27	4.0625
the	2	680	27	1.5625
water	2	681	27	4.6015625
drops	2	682	27	5.28515625
that	2	683	27	2.421875
the	2	684	27	2.734375
brook	2	685	27	7.30859375
where	2	686	27	6.97265625
they	2	687	27	3.1171875
were	2	688	27	2.234375
swimming	2	689	27	7.5546875
next	2	690	27	6.9375
emptied	2	691	27	15.578125
into	2	692	27	3.15625
a	2	693	27	2.0859375
beautiful	2	694	27	5.96875
pond	2	695	27	6.38671875
where	2	696	27	4.84375
ducks	2	697	27	10.7421875
and	2	698	27	2.6484375
geese	2	699	27	9.328125
were	2	700	27	2.546875
living	2	701	27	6.87890625
peacefully.	2	702	27	13.515625
Aqua	2	703	28	10.453125
liked	2	704	28	6.81640625
to	2	705	28	2.765625
play	2	706	28	5.82421875
hide-and-seek	2	707	28	28.296875
in	2	708	28	4.234375
this	2	709	28	4.3984375
pond,	2	710	28	8.35546875
and	2	711	28	1.4296875
it	2	712	28	2.3671875
was	2	713	28	0.875
his	2	714	28	5.84765625
brother	2	715	28	6.55078125
water	2	716	28	10.015625
drop	2	717	28	5.515625
who	2	718	28	10.7734375
he	2	719	28	5.046875
fooled	2	720	28	12.453125
by	2	721	28	5.1953125
swimming	2	722	28	8.546875
to	2	723	28	4.515625
a	2	724	28	3.53125
big	2	725	28	5.625
pool	2	726	28	5.6875
of	2	727	28	1.4609375
water	2	728	28	1.890625
and	2	729	28	2.2734375
pretending	2	730	28	9.265625
to	2	731	28	0.3828125
hide	2	732	28	6.84765625
there,	2	733	28	7.5234375
but	2	734	28	2.5546875
then	2	735	28	4.453125
sneaking	2	736	28	12.546875
under	2	737	28	5.5390625
a	2	738	28	2.359375
rock	2	739	28	4.6953125
into	2	740	28	7.36328125
an	2	741	28	4.6953125
obscured	2	742	28	9.703125
little	2	743	28	6.98828125
puddle.	2	744	28	11.453125
His	2	745	29	4.6875
brother	2	746	29	4.5234375
had	2	747	29	3.0
blatantly	2	748	29	14.484375
peeked	2	749	29	10.4296875
and	2	750	29	3.4375
even	2	751	29	7.2265625
followed	2	752	29	6.76953125
Aqua	2	753	29	11.75
as	2	754	29	5.02734375
he	2	755	29	1.8203125
entered	2	756	29	5.7890625
the	2	757	29	0.4609375
big	2	758	29	7.734375
pool	2	759	29	2.8203125
of	2	760	29	1.421875
water,	2	761	29	2.3359375
so	2	762	29	3.5546875
when	2	763	29	5.0859375
he	2	764	29	0.8359375
searched	2	765	29	8.9765625
there	2	766	29	6.73046875
and	2	767	29	2.953125
could	2	768	29	6.11328125
not	2	769	29	1.6953125
find	2	770	29	3.75
him,	2	771	29	6.6171875
he	2	772	29	1.4296875
was	2	773	29	3.1875
extremely	2	774	29	7.76171875
surprised	2	775	29	4.84375
and	2	776	29	2.8125
gave	2	777	29	6.390625
up.	2	778	29	6.2265625
Aqua	2	779	30	9.8828125
liked	2	780	30	4.7265625
this	2	781	30	3.46875
pond	2	782	30	9.71875
where	2	783	30	4.3125
he	2	784	30	1.765625
could	2	785	30	3.34375
play	2	786	30	6.359375
all	2	787	30	5.546875
day,	2	788	30	5.96875
so	2	789	30	3.0625
he	2	790	30	0.953125
stayed	2	791	30	6.234375
a	2	792	30	4.109375
good	2	793	30	4.3828125
while,	2	794	30	7.9765625
sailing	2	795	30	10.90625
up	2	796	30	3.734375
and	2	797	30	2.5703125
down,	2	798	30	3.6953125
taking	2	799	30	5.6875
the	2	800	30	2.0
ducks'	2	801	30	13.0546875
backs	2	802	30	7.375
for	2	803	30	5.6796875
ships	2	804	30	8.8671875
and	2	805	30	1.515625
the	2	806	30	3.1796875
frogs	2	807	30	8.4140625
for	2	808	30	5.578125
horses,	2	809	30	9.05078125
but	2	810	30	3.4921875
after	2	811	30	5.1171875
a	2	812	30	1.7734375
time	2	813	30	4.5859375
he	2	814	30	0.6875
tired	2	815	30	11.25
of	2	816	30	2.1484375
the	2	817	30	1.6875
dull	2	818	30	8.5703125
life,	2	819	30	10.1796875
and	2	820	30	2.4375
he	2	821	30	2.2265625
and	2	822	30	6.34375
his	2	823	30	1.328125
brothers	2	824	30	4.171875
floated	2	825	30	9.4375
under	2	826	30	5.6328125
a	2	827	30	1.8203125
bridge	2	828	30	6.49609375
for	2	829	30	4.125
a	2	830	30	1.9921875
long	2	831	30	2.9453125
distance,	2	832	30	5.90625
until	2	833	30	5.8203125
they	2	834	30	3.1328125
saw	2	835	30	4.1640625
another	2	836	30	5.4609375
brook	2	837	30	8.046875
tumbling	2	838	30	11.390625
down	2	839	30	2.140625
a	2	840	30	4.0078125
hillside.	2	841	30	5.3203125
``Come,	2	842	31	21.6953125
let's	2	843	31	6.1953125
join	2	844	31	7.390625
hands!''	2	845	31	18.8515625
cried	2	846	32	7.265625
Aqua	2	847	32	10.59375
and	2	848	32	2.2421875
because	2	849	32	11.4375
the	2	850	32	2.3046875
water	2	851	32	3.40625
drops	2	852	32	2.65625
were	2	853	32	2.9140625
all	2	854	32	4.21875
together,	2	855	32	6.8203125
overcoming	2	856	32	13.203125
the	2	857	32	1.0546875
brook	2	858	32	8.796875
was	2	859	32	7.04296875
child's	2	860	32	15.6875
play.	2	861	32	9.3984375
It	2	862	33	3.2421875
was	2	863	33	0.8203125
by	2	864	33	7.4921875
the	2	865	33	1.3359375
help	2	866	33	8.328125
of	2	867	33	0.203125
Aqua	2	868	33	8.390625
and	2	869	33	2.0859375
his	2	870	33	2.5625
brothers	2	871	33	1.9609375
that	2	872	33	5.0703125
the	2	873	33	3.0625
bewitching	2	874	33	16.015625
river	2	875	33	8.109375
was	2	876	33	2.0625
able	2	877	33	7.984375
to	2	878	33	0.0625
float	2	879	33	7.49609375
heavy	2	880	33	8.640625
ships,	2	881	33	9.7734375
though	2	882	33	5.546875
not	2	883	33	3.8984375
so	2	884	33	3.25
long	2	885	33	3.375
ago	2	886	33	2.765625
it	2	887	33	2.9609375
was	2	888	33	0.640625
only	2	889	33	4.046875
a	2	890	33	1.4453125
little	2	891	33	3.4140625
stream.	2	892	33	10.03125
As	2	893	34	3.703125
the	2	894	34	1.71875
river	2	895	34	3.7421875
grew	2	896	34	6.12109375
wider	2	897	34	7.4921875
and	2	898	34	1.9765625
he	2	899	34	4.140625
could	2	900	34	4.203125
almost	2	901	34	5.7265625
see	2	902	34	3.296875
the	2	903	34	1.046875
ocean,	2	904	34	6.5703125
Aqua	2	905	34	11.1796875
realized	2	906	34	5.0546875
his	2	907	34	4.9453125
journey	2	908	34	6.37109375
was	2	909	34	1.5078125
almost	2	910	34	4.8203125
over	2	911	34	4.6328125
and	2	912	34	2.4765625
he	2	913	34	3.9921875
had	2	914	34	1.9765625
come	2	915	34	4.40625
full	2	916	34	7.71875
circle.	2	917	34	8.7109375
Back	2	918	35	7.8203125
in	2	919	35	1.75
the	2	920	35	0.6171875
ocean,	2	921	35	5.796875
he	2	922	35	1.546875
felt	2	923	35	4.234375
right	2	924	35	6.89453125
at	2	925	35	3.625
home.	2	926	35	7.1171875
For	2	927	36	5.3671875
him,	2	928	36	4.9453125
this	2	929	36	4.6796875
was	2	930	36	2.2734375
the	2	931	36	1.6796875
safest,	2	932	36	11.63671875
sweetest	2	933	36	11.71484375
place	2	934	36	6.2578125
in	2	935	36	2.8203125
the	2	936	36	0.625
whole	2	937	36	6.80078125
wide	2	938	36	7.75
world.	2	939	36	6.03125
During	2	940	37	6.234375
the	2	941	37	0.609375
warm	2	942	37	5.9375
summer	2	943	37	3.3984375
evenings,	2	944	37	6.22265625
if	2	945	37	6.5390625
you	2	946	37	3.015625
take	2	947	37	6.80078125
a	2	948	37	1.5390625
walk	2	949	37	4.1171875
on	2	950	37	2.890625
the	2	951	37	0.6640625
sea	2	952	37	4.3671875
beach,	2	953	37	10.0
you	2	954	37	1.53125
will	2	955	37	3.09375
hear	2	956	37	3.8125
the	2	957	37	1.265625
gentle	2	958	37	8.5625
rippling	2	959	37	7.95703125
swash	2	960	37	11.859375
of	2	961	37	1.9921875
the	2	962	37	1.6171875
waves	2	963	37	6.4140625
and	2	964	37	2.3984375
some	2	965	37	6.30078125
say	2	966	37	8.328125
that	2	967	37	2.3203125
it	2	968	37	2.2265625
must	2	969	37	4.9765625
be	2	970	37	1.2734375
the	2	971	37	2.375
gurgling	2	972	37	13.51953125
voices	2	973	37	10.3515625
of	2	974	37	1.3515625
Aqua	2	975	37	7.86328125
and	2	976	37	1.7109375
his	2	977	37	2.5625
brother	2	978	37	4.0703125
water	2	979	37	4.71875
drops	2	980	37	5.45703125
telling	2	981	37	11.4765625
each	2	982	37	5.796875
other	2	983	37	0.3515625
about	2	984	37	4.3359375
their	2	985	37	4.203125
wonderful	2	986	37	6.31640625
journey	2	987	37	5.2109375
around	2	988	37	5.734375
the	2	989	37	0.953125
world.	2	990	37	1.921875
It	3	1	1	11.1875
was	3	2	1	1.8515625
cold	3	3	1	8.5078125
and	3	4	1	2.1640625
nearly	3	5	1	7.8203125
dark	3	6	1	5.16015625
on	3	7	1	5.46875
the	3	8	1	0.9921875
last	3	9	1	4.8125
evening	3	10	1	7.71484375
of	3	11	1	2.5625
the	3	12	1	1.328125
old	3	13	1	4.9765625
year,	3	14	1	7.07421875
and	3	15	1	2.1640625
the	3	16	1	1.703125
snow	3	17	1	6.2578125
was	3	18	1	1.6796875
falling	3	19	1	4.6640625
fast	3	20	1	7.57421875
and	3	21	1	1.5703125
furious.	3	22	1	9.78125
A	3	23	2	4.640625
little	3	24	2	3.9453125
girl	3	25	2	4.078125
no	3	26	2	8.171875
one	3	27	2	3.4765625
sheltered	3	28	2	13.59375
from	3	29	2	3.46875
the	3	30	2	0.8515625
gelid	3	31	2	20.3828125
air	3	32	2	7.046875
roamed	3	33	2	11.7109375
through	3	34	2	3.3984375
the	3	35	2	0.515625
streets	3	36	2	8.421875
with	3	37	2	3.9296875
a	3	38	2	1.59375
bare	3	39	2	7.3515625
head	3	40	2	5.34375
and	3	41	2	2.09375
naked	3	42	2	8.3125
feet,	3	43	2	7.46484375
looking	3	44	2	6.28515625
as	3	45	2	4.140625
poor	3	46	2	8.890625
as	3	47	2	1.3046875
a	3	48	2	2.671875
church	3	49	2	9.140625
mouse.	3	50	2	12.7265625
It's	3	51	3	7.40625
true	3	52	3	6.42578125
she	3	53	3	4.8984375
had	3	54	3	3.2578125
on	3	55	3	6.76171875
a	3	56	3	2.59375
pair	3	57	3	6.28515625
of	3	58	3	0.109375
slippers	3	59	3	8.1640625
her	3	60	3	8.09375
mother	3	61	3	6.87109375
had	3	62	3	3.9921875
once	3	63	3	5.734375
given	3	64	3	5.1953125
her	3	65	3	1.09375
when	3	66	3	6.25390625
she	3	67	3	0.4375
left	3	68	3	5.3046875
home,	3	69	3	7.4296875
but	3	70	3	2.8671875
they	3	71	3	4.046875
were	3	72	3	2.0078125
as	3	73	3	5.3359375
much	3	74	3	4.8203125
use	3	75	3	10.90625
to	3	76	3	3.5703125
her	3	77	3	3.125
as	3	78	3	1.9375
a	3	79	3	1.4453125
chocolate	3	80	3	8.8125
teapot.	3	81	3	18.51953125
The	3	82	4	2.3203125
slippers	3	83	4	9.578125
owned	3	84	4	11.0546875
by	3	85	4	0.796875
her	3	86	4	2.7578125
mother	3	87	4	2.625
were	3	88	4	3.8828125
so	3	89	4	4.1015625
large	3	90	4	5.43359375
that	3	91	4	2.2109375
the	3	92	4	3.078125
emaciated	3	93	4	18.4921875
little	3	94	4	5.3125
creature	3	95	4	6.53515625
had	3	96	4	2.3203125
lost	3	97	4	5.234375
them	3	98	4	5.578125
while	3	99	4	4.921875
running	3	100	4	6.48046875
across	3	101	4	5.375
the	3	102	4	0.6171875
street	3	103	4	3.4296875
to	3	104	4	3.9296875
avoid	3	105	4	6.20703125
two	3	106	4	7.26171875
carriages	3	107	4	9.1015625
that	3	108	4	4.5390625
were	3	109	4	2.296875
rolling	3	110	4	6.83984375
along	3	111	4	4.1171875
at	3	112	4	6.046875
a	3	113	4	2.6015625
terrible	3	114	4	8.3984375
rate.	3	115	4	5.3125
One	3	116	5	5.1171875
of	3	117	5	1.5234375
the	3	118	5	0.4453125
slippers	3	119	5	9.765625
she	3	120	5	4.421875
could	3	121	5	4.4375
not	3	122	5	1.8515625
find,	3	123	5	9.25
and	3	124	5	1.9140625
a	3	125	5	3.2109375
boy	3	126	5	6.1953125
seized	3	127	5	8.859375
upon	3	128	5	6.14453125
the	3	129	5	1.546875
other,	3	130	5	6.53125
saying	3	131	5	7.21484375
that	3	132	5	2.0703125
he	3	133	5	3.484375
could	3	134	5	2.796875
use	3	135	5	5.9140625
it	3	136	5	2.6953125
as	3	137	5	1.421875
a	3	138	5	0.6015625
home	3	139	5	6.76171875
for	3	140	5	3.0546875
his	3	141	5	2.9921875
little	3	142	5	6.00390625
pet	3	143	5	7.06640625
mouse.	3	144	5	14.25
So	3	145	6	5.3828125
with	3	146	6	6.1328125
her	3	147	6	2.71875
naked	3	148	6	6.42578125
feet,	3	149	6	6.91796875
which	3	150	6	5.125
were	3	151	6	3.6796875
quite	3	152	6	5.578125
red	3	153	6	6.23046875
and	3	154	6	0.9765625
blue	3	155	6	2.5078125
with	3	156	6	3.984375
the	3	157	6	2.2578125
cold,	3	158	6	8.43359375
the	3	159	6	3.921875
little	3	160	6	4.3125
girl	3	161	6	1.46875
went	3	162	6	5.546875
on,	3	163	6	5.34375
wondering	3	164	6	7.62890625
how	3	165	6	1.484375
she	3	166	6	1.96875
would	3	167	6	3.40625
get	3	168	6	3.6640625
through	3	169	6	5.1796875
this	3	170	6	4.1015625
dreadful	3	171	6	7.73828125
night.	3	172	6	5.1171875
She	3	173	7	2.875
approached	3	174	7	8.140625
an	3	175	7	6.703125
old	3	176	7	1.7890625
hovel	3	177	7	13.2890625
she	3	178	7	7.51171875
had	3	179	7	1.953125
used	3	180	7	5.8671875
as	3	181	7	4.1640625
a	3	182	7	0.5546875
shelter	3	183	7	7.78515625
a	3	184	7	6.22265625
few	3	185	7	3.0859375
times	3	186	7	2.3125
before,	3	187	7	4.5859375
and	3	188	7	0.9453125
found	3	189	7	5.453125
the	3	190	7	2.5703125
entrance	3	191	7	8.2109375
was	3	192	7	5.0078125
locked.	3	193	7	8.78125
Tough	3	194	8	12.453125
luck	3	195	8	8.640625
for	3	196	8	5.78515625
the	3	197	8	1.453125
girl!	3	198	8	10.0078125
This	3	199	9	4.6953125
day	3	200	9	5.76953125
was	3	201	9	3.1484375
even	3	202	9	6.484375
worse	3	203	9	2.109375
than	3	204	9	1.3984375
the	3	205	9	2.0234375
others.	3	206	9	6.6015625
No	3	207	10	4.9609375
Good	3	208	10	10.953125
Samaritan	3	209	10	18.234375
had	3	210	10	1.7890625
given	3	211	10	5.1796875
her	3	212	10	0.8828125
even	3	213	10	6.17578125
a	3	214	10	1.7734375
penny.	3	215	10	9.06640625
And	3	216	11	4.6953125
she	3	217	11	1.71875
had	3	218	11	1.984375
no	3	219	11	4.234375
luck	3	220	11	4.0390625
selling	3	221	11	8.3125
any	3	222	11	4.4921875
matches	3	223	11	10.703125
that	3	224	11	3.796875
she	3	225	11	2.453125
carried	3	226	11	7.3515625
in	3	227	11	4.140625
the	3	228	11	2.5546875
old	3	229	11	4.1171875
apron	3	230	11	11.1796875
her	3	231	11	7.74609375
grandmother	3	232	11	5.5546875
had	3	233	11	3.5625
given	3	234	11	3.6875
her.	3	235	11	2.71875
Poor	3	236	12	8.703125
little	3	237	12	4.796875
child,	3	238	12	7.0625
she	3	239	12	1.828125
looked	3	240	12	4.34375
the	3	241	12	4.21875
picture	3	242	12	7.83984375
of	3	243	12	1.640625
misery.	3	244	12	13.4296875
On	3	245	13	5.5703125
her	3	246	13	1.7890625
long,	3	247	13	9.046875
fair	3	248	13	10.65625
hair,	3	249	13	6.33203125
which	3	250	13	4.6875
hung	3	251	13	6.09375
in	3	252	13	3.6328125
curls	3	253	13	10.1875
on	3	254	13	4.3046875
her	3	255	13	0.6796875
shoulders,	3	256	13	5.046875
the	3	257	13	3.6328125
snowflakes	3	258	13	14.01953125
kept	3	259	13	7.359375
landing,	3	260	13	13.234375
but	3	261	13	4.1015625
she	3	262	13	1.296875
did	3	263	13	4.1953125
not	3	264	13	0.34375
notice	3	265	13	4.5625
them	3	266	13	3.546875
as	3	267	13	2.4140625
she	3	268	13	1.9765625
shivered	3	269	13	9.4453125
along.	3	270	13	9.26953125
She	3	271	14	2.0234375
was	3	272	14	2.8203125
losing	3	273	14	7.38671875
strength	3	274	14	6.7890625
and	3	275	14	1.328125
beginning	3	276	14	9.8203125
to	3	277	14	1.9609375
doubt	3	278	14	7.1328125
she	3	279	14	2.578125
could	3	280	14	2.5625
weather	3	281	14	13.5859375
this	3	282	14	4.4296875
storm.	3	283	14	7.828125
It	3	284	15	3.4765625
was	3	285	15	0.6640625
New	3	286	15	10.0390625
Year's,	3	287	15	7.625
and	3	288	15	1.703125
the	3	289	15	2.6015625
girl	3	290	15	4.4921875
asked	3	291	15	6.87109375
herself	3	292	15	2.703125
why,	3	293	15	7.3515625
as	3	294	15	3.453125
lights	3	295	15	11.5234375
shone	3	296	15	6.140625
from	3	297	15	4.5625
every	3	298	15	6.94140625
window,	3	299	15	7.5390625
and	3	300	15	1.609375
the	3	301	15	2.7265625
savory	3	302	15	13.5390625
smell	3	303	15	5.85546875
of	3	304	15	0.5
roast	3	305	15	10.6015625
goose	3	306	15	7.03515625
crept	3	307	15	10.421875
out	3	308	15	3.7578125
on	3	309	15	3.34375
the	3	310	15	1.0546875
streets,	3	311	15	7.3203125
she	3	312	15	3.8125
was	3	313	15	3.796875
outside	3	314	15	8.984375
all	3	315	15	6.3359375
alone.	3	316	15	6.109375
Exhausted,	3	317	16	15.6953125
she	3	318	16	1.9375
finally	3	319	16	7.05078125
sat	3	320	16	4.6875
down	3	321	16	1.3359375
in	3	322	16	2.4765625
a	3	323	16	1.984375
corner	3	324	16	4.9921875
behind	3	325	16	6.99609375
the	3	326	16	1.4921875
little	3	327	16	6.1640625
bakery.	3	328	16	11.4765625
She	3	329	17	1.953125
put	3	330	17	5.796875
a	3	331	17	2.46875
rag	3	332	17	7.05078125
she	3	333	17	6.90625
had	3	334	17	2.2109375
found	3	335	17	3.859375
over	3	336	17	7.48828125
her	3	337	17	1.21875
legs	3	338	17	5.9453125
to	3	339	17	4.171875
cover	3	340	17	5.7109375
herself,	3	341	17	5.875
but	3	342	17	3.1328125
she	3	343	17	0.8671875
could	3	344	17	4.0078125
not	3	345	17	1.3203125
keep	3	346	17	4.9453125
off	3	347	17	5.5859375
the	3	348	17	1.609375
cold.	3	349	17	6.984375
The	3	350	18	2.984375
girl,	3	351	18	5.1796875
who	3	352	18	3.3671875
the	3	353	18	6.359375
night	3	354	18	5.15625
air	3	355	18	7.25390625
had	3	356	18	3.46875
completely	3	357	18	8.25
enveloped,	3	358	18	12.921875
dared	3	359	18	8.953125
not	3	360	18	1.5234375
go	3	361	18	4.9296875
home,	3	362	18	5.640625
for	3	363	18	5.453125
she	3	364	18	1.9296875
had	3	365	18	1.6171875
sold	3	366	18	7.234375
no	3	367	18	6.58984375
matches.	3	368	18	8.46484375
Her	3	369	19	3.0390625
father	3	370	19	2.9765625
had	3	371	19	1.640625
been	3	372	19	1.890625
mean	3	373	19	15.7421875
and	3	374	19	4.4765625
moody	3	375	19	11.5625
ever	3	376	19	7.82421875
since	3	377	19	2.1953125
his	3	378	19	6.1484375
wife	3	379	19	4.5390625
had	3	380	19	1.109375
gone	3	381	19	3.515625
to	3	382	19	1.9765625
meet	3	383	19	5.90234375
her	3	384	19	0.5
Maker.	3	385	19	15.453125
He	3	386	20	3.8828125
would	3	387	20	4.375
certainly	3	388	20	5.9453125
beat	3	389	20	6.9375
her,	3	390	20	3.375
as	3	391	20	3.265625
he	3	392	20	3.578125
has	3	393	20	8.265625
done	3	394	20	3.296875
several	3	395	20	6.0
times	3	396	20	0.515625
in	3	397	20	3.109375
the	3	398	20	1.125
weeks	3	399	20	7.921875
past,	3	400	20	8.77734375
because	3	401	20	4.796875
she	3	402	20	1.0625
had	3	403	20	1.453125
not	3	404	20	3.1484375
earned	3	405	20	6.9140625
any	3	406	20	4.9609375
money	3	407	20	3.109375
today.	3	408	20	9.5859375
Besides,	3	409	21	7.3984375
it	3	410	21	2.703125
was	3	411	21	0.8984375
almost	3	412	21	4.671875
as	3	413	21	2.0
cold	3	414	21	4.421875
at	3	415	21	5.9375
home	3	416	21	4.734375
as	3	417	21	4.1328125
outside,	3	418	21	13.03125
for	3	419	21	4.734375
they	3	420	21	5.28125
had	3	421	21	1.328125
only	3	422	21	5.28125
a	3	423	21	3.78125
patchy	3	424	21	13.7109375
roof	3	425	21	7.2578125
to	3	426	21	4.2578125
cover	3	427	21	3.265625
them.	3	428	21	6.203125
The	3	429	22	2.7578125
girl's	3	430	22	5.3046875
little	3	431	22	4.7265625
hands	3	432	22	7.2265625
were	3	433	22	2.7265625
almost	3	434	22	5.375
frozen	3	435	22	7.2109375
solid	3	436	22	10.6875
so	3	437	22	7.47265625
she	3	438	22	2.578125
decided	3	439	22	5.28125
that	3	440	22	1.5546875
a	3	441	22	4.1171875
burning	3	442	22	8.5859375
match	3	443	22	8.96875
might	3	444	22	4.015625
be	3	445	22	1.4296875
of	3	446	22	5.8203125
some	3	447	22	4.953125
good.	3	448	22	8.3828125
``Scratch!''	3	449	23	34.48828125
sounded	3	450	24	11.5546875
the	3	451	24	3.515625
match	3	452	24	7.828125
as	3	453	24	4.44921875
she	3	454	24	1.5703125
drew	3	455	24	6.5078125
it	3	456	24	3.828125
out.	3	457	24	4.8828125
How	3	458	25	6.73828125
it	3	459	25	3.9375
sputtered	3	460	25	11.203125
as	3	461	25	4.671875
it	3	462	25	4.578125
burnt!	3	463	25	14.953125
It	3	464	26	2.7578125
gave	3	465	26	6.09375
a	3	466	26	2.5703125
warm,	3	467	26	8.93359375
candle-like	3	468	26	13.734375
bright	3	469	26	6.88671875
light	3	470	26	3.4140625
that	3	471	26	2.5234375
the	3	472	26	3.96875
girl	3	473	26	2.796875
hid	3	474	26	6.90234375
from	3	475	26	3.7578125
the	3	476	26	1.53125
world	3	477	26	6.46875
as	3	478	26	4.1953125
she	3	479	26	0.9453125
held	3	480	26	5.96875
her	3	481	26	1.125
hand	3	482	26	2.5859375
over	3	483	26	2.9453125
it.	3	484	26	4.078125
Why	3	485	27	6.66796875
had	3	486	27	4.09375
no	3	487	27	5.171875
one	3	488	27	4.4765625
wanted	3	489	27	5.375
to	3	490	27	0.9140625
buy	3	491	27	5.0234375
even	3	492	27	8.265625
one	3	493	27	4.1328125
match?	3	494	27	10.0390625
A	3	495	28	3.875
wonderful	3	496	28	6.90234375
light,	3	497	28	7.44921875
it	3	498	28	3.9609375
was	3	499	28	1.3125
really.	3	500	28	10.62109375
It	3	501	29	2.21875
seemed	3	502	29	3.4609375
to	3	503	29	1.6484375
the	3	504	29	5.5390625
girl	3	505	29	3.2734375
that	3	506	29	1.953125
she	3	507	29	1.2734375
was	3	508	29	2.4140625
sitting	3	509	29	4.859375
by	3	510	29	4.8046875
a	3	511	29	1.8671875
large	3	512	29	4.8515625
iron	3	513	29	7.75
stove,	3	514	29	6.35546875
with	3	515	29	4.0
polished	3	516	29	8.4921875
brass	3	517	29	5.640625
feet	3	518	29	9.421875
and	3	519	29	1.7578125
a	3	520	29	2.1796875
brass	3	521	29	6.109375
ornament.	3	522	29	10.3203125
How	3	523	30	6.0234375
the	3	524	30	3.609375
fire	3	525	30	7.34375
burned!	3	526	30	11.99609375
The	3	527	31	2.9609375
girl	3	528	31	2.8359375
was	3	529	31	1.921875
pleased	3	530	31	7.87890625
and	3	531	31	3.125
the	3	532	31	2.8046875
fire	3	533	31	7.19140625
actually	3	534	31	9.015625
seemed	3	535	31	4.5234375
so	3	536	31	3.4296875
warm	3	537	31	5.09375
that	3	538	31	2.9765625
the	3	539	31	2.6484375
child	3	540	31	6.328125
stretched	3	541	31	7.6484375
out	3	542	31	1.640625
her	3	543	31	3.1015625
feet	3	544	31	4.71875
as	3	545	31	3.640625
if	3	546	31	2.9921875
to	3	547	31	4.953125
warm	3	548	31	6.84765625
them,	3	549	31	5.6796875
when	3	550	31	5.0234375
suddenly	3	551	31	6.6171875
the	3	552	31	2.3203125
flame	3	553	31	6.44921875
of	3	554	31	3.3828125
the	3	555	31	1.4921875
match	3	556	31	9.2890625
went	3	557	31	4.359375
out.	3	558	31	4.9609375
It	3	559	32	2.84375
was	3	560	32	0.734375
a	3	561	32	1.984375
short,	3	562	32	8.2578125
stubby	3	563	32	14.2265625
match	3	564	32	9.4765625
that	3	565	32	2.9375
the	3	566	32	3.0546875
little	3	567	32	4.6328125
girl	3	568	32	0.4609375
next	3	569	32	8.265625
rubbed	3	570	32	11.1875
on	3	571	32	4.203125
the	3	572	32	1.4375
wall.	3	573	32	5.2265625
It	3	574	33	2.3828125
burst	3	575	33	8.359375
into	3	576	33	1.65625
a	3	577	33	2.3125
flame,	3	578	33	7.8828125
and	3	579	33	1.6875
lo	3	580	33	10.21875
and	3	581	33	7.87890625
behold,	3	582	33	6.75
the	3	583	33	2.0703125
girl	3	584	33	1.828125
was	3	585	33	2.453125
transported	3	586	33	8.96875
from	3	587	33	3.53125
her	3	588	33	1.671875
dank	3	589	33	12.515625
city	3	590	33	10.4375
to	3	591	33	1.4453125
a	3	592	33	3.0234375
beautiful,	3	593	33	8.7890625
sunny	3	594	33	5.671875
forest.	3	595	33	8.91796875
She	3	596	34	2.2578125
heard	3	597	34	5.234375
the	3	598	34	1.3828125
birds	3	599	34	5.265625
chirping	3	600	34	8.3125
and	3	601	34	2.3984375
she	3	602	34	4.890625
was	3	603	34	3.09375
surrounded	3	604	34	6.61328125
by	3	605	34	0.171875
wildflowers	3	606	34	13.1328125
and	3	607	34	2.0234375
birches	3	608	34	16.97265625
as	3	609	34	4.1171875
white	3	610	34	7.28515625
as	3	611	34	1.5703125
snow.	3	612	34	9.71875
A	3	613	35	3.2734375
little	3	614	35	3.1328125
squirrel	3	615	35	8.671875
hid	3	616	35	8.375
some	3	617	35	6.57421875
food	3	618	35	7.77734375
in	3	619	35	2.3203125
the	3	620	35	0.7890625
ground	3	621	35	6.0703125
and	3	622	35	2.546875
scurried	3	623	35	12.3125
off	3	624	35	4.515625
into	3	625	35	4.8671875
the	3	626	35	0.5078125
underbrush.	3	627	35	13.4296875
The	3	628	36	2.21875
girl	3	629	36	2.0078125
was	3	630	36	1.765625
curious,	3	631	36	8.58203125
so	3	632	36	3.6640625
she	3	633	36	0.9921875
dug	3	634	36	8.25
some	3	635	36	5.5546875
squirrel	3	636	36	8.59375
food	3	637	36	9.40625
up	3	638	36	7.08203125
to	3	639	36	3.0703125
see	3	640	36	4.875
what	3	641	36	3.1875
it	3	642	36	3.40625
was,	3	643	36	3.734375
but	3	644	36	2.4296875
then	3	645	36	4.828125
she	3	646	36	1.3046875
forgot	3	647	36	7.25
to	3	648	36	2.6328125
put	3	649	36	4.3984375
it	3	650	36	1.7578125
back.	3	651	36	4.84375
The	3	652	37	2.59375
squirrel	3	653	37	8.109375
came	3	654	37	4.3046875
back	3	655	37	2.2109375
and	3	656	37	1.71875
looked	3	657	37	5.4375
in	3	658	37	4.8671875
its	3	659	37	5.1640625
hiding	3	660	37	9.53125
place,	3	661	37	2.8046875
but	3	662	37	2.6171875
the	3	663	37	2.125
food	3	664	37	7.8046875
was	3	665	37	1.1328125
nowhere	3	666	37	7.4375
to	3	667	37	2.1484375
be	3	668	37	1.1328125
found.	3	669	37	3.640625
Then	3	670	38	3.9140625
the	3	671	38	2.640625
match	3	672	38	9.328125
went	3	673	38	3.171875
out,	3	674	38	3.3359375
and	3	675	38	1.5703125
it	3	676	38	3.0
wasn't	3	677	38	3.859375
the	3	678	38	2.390625
forest	3	679	38	9.0546875
that	3	680	38	4.328125
remained	3	681	38	7.0625
before	3	682	38	5.125
her	3	683	38	2.5703125
eyes.	3	684	38	5.4453125
It	3	685	39	2.65625
was	3	686	39	0.84375
only	3	687	39	4.734375
the	3	688	39	2.65625
thick,	3	689	39	8.390625
damp,	3	690	39	6.84375
cold	3	691	39	4.4765625
wall.	3	692	39	11.140625
The	3	693	40	1.9765625
girl	3	694	40	2.03125
looked	3	695	40	3.6640625
despondently	3	696	40	12.9921875
into	3	697	40	4.578125
the	3	698	40	0.75
sky	3	699	40	4.0625
that	3	700	40	5.3671875
was	3	701	40	2.5859375
now	3	702	40	4.6953125
fully	3	703	40	7.09375
darkened	3	704	40	7.55859375
and	3	705	40	1.8984375
suddenly	3	706	40	5.6875
she	3	707	40	2.625
saw	3	708	40	3.078125
a	3	709	40	2.25
star	3	710	40	6.09375
fall,	3	711	40	11.7890625
leaving	3	712	40	5.8671875
behind	3	713	40	4.9140625
it	3	714	40	3.6484375
a	3	715	40	5.3203125
bright	3	716	40	5.4765625
streak	3	717	40	8.53125
of	3	718	40	1.5703125
fire.	3	719	40	7.10546875
``Someone	3	720	41	19.61328125
is	3	721	41	4.390625
dying,''	3	722	41	12.234375
thought	3	723	41	8.921875
the	3	724	41	1.640625
little	3	725	41	5.3984375
girl.	3	726	41	3.0234375
It	3	727	42	3.2109375
was	3	728	42	0.78125
her	3	729	42	3.1796875
old	3	730	42	5.0859375
grandmother,	3	731	42	7.42578125
the	3	732	42	2.9296875
one	3	733	42	5.578125
who	3	734	42	1.4375
had	3	735	42	1.5234375
loved	3	736	42	6.09375
her	3	737	42	1.2890625
the	3	738	42	6.82421875
most,	3	739	42	7.9453125
and	3	740	42	1.5390625
the	3	741	42	1.40625
one	3	742	42	4.65625
who	3	743	42	0.328125
the	3	744	42	7.88671875
girl	3	745	42	2.7578125
used	3	746	42	6.47265625
to	3	747	42	0.8125
visit	3	748	42	6.48046875
every	3	749	42	7.87890625
Sunday,	3	750	42	8.265625
who	3	751	42	4.9609375
had	3	752	42	1.15625
told	3	753	42	5.78125
her	3	754	42	0.328125
that	3	755	42	1.8671875
when	3	756	42	5.3671875
a	3	757	42	4.0546875
star	3	758	42	5.8046875
falls,	3	759	42	9.1328125
a	3	760	42	3.7109375
soul	3	761	42	8.796875
leaves	3	762	42	8.640625
this	3	763	42	5.5546875
earth.	3	764	42	8.5234375
It	3	765	43	2.796875
was	3	766	43	0.75
her	3	767	43	3.203125
last	3	768	43	4.8203125
match	3	769	43	6.48046875
that	3	770	43	2.4296875
the	3	771	43	2.6328125
little	3	772	43	4.6875
girl	3	773	43	0.234375
now	3	774	43	5.92578125
rubbed	3	775	43	8.6015625
on	3	776	43	3.0390625
the	3	777	43	1.3359375
wall	3	778	43	1.40625
and	3	779	43	2.0625
the	3	780	43	2.1796875
light	3	781	43	3.9765625
again	3	782	43	6.8046875
shone	3	783	43	7.23828125
round	3	784	43	7.0546875
her.	3	785	43	3.84375
Her	3	786	44	4.15625
old	3	787	44	4.984375
grandmother	3	788	44	3.2734375
in	3	789	44	5.86328125
the	3	790	44	1.2578125
brightness	3	791	44	10.015625
stood,	3	792	44	10.08203125
loving	3	793	44	9.53125
in	3	794	44	6.07421875
her	3	795	44	1.515625
appearance.	3	796	44	9.828125
The	3	797	45	2.328125
girl	3	798	45	1.6171875
understood	3	799	45	9.3125
her	3	800	45	1.890625
grandmother	3	801	45	7.28515625
would	3	802	45	4.5625
soon	3	803	45	5.484375
disappear,	3	804	45	7.0625
but	3	805	45	1.890625
she	3	806	45	0.9765625
tried	3	807	45	5.71875
to	3	808	45	0.4921875
play	3	809	45	7.34765625
for	3	810	45	5.6171875
time.	3	811	45	9.921875
``Grandmother,''	3	812	46	23.77734375
cried	3	813	46	5.734375
the	3	814	46	1.28125
little	3	815	46	4.3359375
one,	3	816	46	10.1015625
``O	3	817	46	16.625
take	3	818	46	11.234375
me	3	819	46	3.8125
with	3	820	46	4.40625
you!	3	821	46	6.0078125
I	3	822	47	3.828125
know	3	823	47	3.7890625
you	3	824	47	1.8515625
will	3	825	47	3.703125
go	3	826	47	4.296875
away	3	827	47	4.390625
when	3	828	47	5.3046875
the	3	829	47	2.7890625
match	3	830	47	6.90625
burns	3	831	47	10.5546875
out!''	3	832	47	11.609375
The	3	833	48	5.03125
girl	3	834	48	1.4375
decided	3	835	48	7.671875
to	3	836	48	0.7890625
light	3	837	48	9.125
the	3	838	48	2.4765625
whole	3	839	48	4.375
bundle	3	840	48	10.0859375
of	3	841	48	1.234375
matches,	3	842	48	13.0703125
in	3	843	48	5.0390625
order	3	844	48	3.5
to	3	845	48	0.328125
keep	3	846	48	3.265625
her	3	847	48	1.5546875
grandmother	3	848	48	8.609375
there.	3	849	48	8.359375
The	3	850	49	2.4609375
girl	3	851	49	0.859375
saw	3	852	49	5.7421875
the	3	853	49	1.7578125
matches	3	854	49	9.734375
glowed	3	855	49	10.1640625
with	3	856	49	2.7265625
a	3	857	49	2.2578125
light	3	858	49	4.671875
that	3	859	49	4.390625
was	3	860	49	3.0078125
brighter	3	861	49	7.140625
than	3	862	49	1.453125
the	3	863	49	1.59375
day,	3	864	49	9.52734375
and	3	865	49	1.1015625
her	3	866	49	4.0234375
grandmother	3	867	49	4.0
had	3	868	49	2.328125
never	3	869	49	3.71875
appeared	3	870	49	6.0234375
so	3	871	49	4.25
large	3	872	49	5.84765625
or	3	873	49	6.08984375
so	3	874	49	4.0234375
beautiful	3	875	49	3.921875
as	3	876	49	3.84375
she	3	877	49	1.71875
did	3	878	49	4.203125
in	3	879	49	4.5703125
the	3	880	49	0.90625
light	3	881	49	4.2109375
of	3	882	49	1.859375
the	3	883	49	0.9296875
little	3	884	49	5.390625
matches.	3	885	49	13.2109375
The	3	886	50	2.28125
grandmother	3	887	50	9.296875
then	3	888	50	5.484375
took	3	889	50	3.6640625
the	3	890	50	1.6875
little	3	891	50	4.7421875
girl	3	892	50	1.796875
in	3	893	50	3.09375
her	3	894	50	1.484375
arms,	3	895	50	5.671875
and	3	896	50	1.2265625
they	3	897	50	4.6875
both	3	898	50	4.078125
flew	3	899	50	6.51953125
upwards	3	900	50	7.79296875
in	3	901	50	4.2265625
brightness	3	902	50	10.2421875
and	3	903	50	1.546875
joy	3	904	50	7.55078125
far	3	905	50	11.5078125
above	3	906	50	5.3671875
the	3	907	50	1.1015625
earth,	3	908	50	8.27734375
where	3	909	50	3.6484375
there	3	910	50	5.0234375
was	3	911	50	0.5859375
neither	3	912	50	8.453125
cold	3	913	50	7.28125
nor	3	914	50	1.640625
hunger,	3	915	50	10.3984375
and	3	916	50	1.953125
the	3	917	50	1.8203125
little	3	918	50	4.921875
girl	3	919	50	0.25
felt	3	920	50	5.0546875
safe	3	921	50	6.51171875
and	3	922	50	2.234375
peaceful.	3	923	50	7.04296875
In	3	924	51	4.703125
the	3	925	51	0.8671875
dawn	3	926	51	7.2421875
of	3	927	51	1.40625
the	3	928	51	1.1640625
morning	3	929	51	4.2890625
there	3	930	51	6.08984375
lay	3	931	51	6.6796875
the	3	932	51	2.9296875
poor	3	933	51	7.30078125
little	3	934	51	3.859375
one,	3	935	51	9.1328125
not	3	936	51	5.75
frowning,	3	937	51	12.2890625
but	3	938	51	1.75
smiling	3	939	51	6.2265625
and	3	940	51	2.6640625
with	3	941	51	5.6484375
a	3	942	51	1.8828125
pale	3	943	51	5.765625
face	3	944	51	3.046875
leaning	3	945	51	9.5
against	3	946	51	1.84375
the	3	947	51	0.6484375
wall,	3	948	51	4.1484375
frozen	3	949	51	9.40625
and	3	950	51	2.59375
stone	3	951	51	9.3828125
dead.	3	952	51	9.12109375
``She	3	953	52	10.55859375
tried	3	954	52	5.34375
to	3	955	52	0.3125
warm	3	956	52	7.68359375
herself,''	3	957	52	9.5546875
said	3	958	52	0.9453125
some.	3	959	52	11.86328125
Children	3	960	53	10.71875
who	3	961	53	3.7421875
saw	3	962	53	4.484375
her	3	963	53	2.03125
were	3	964	53	6.46875
asking	3	965	53	8.875
their	3	966	53	4.015625
parents	3	967	53	3.3984375
why	3	968	53	6.5859375
no	3	969	53	6.109375
one	3	970	53	0.515625
helped	3	971	53	8.8984375
the	3	972	53	3.7890625
girl	3	973	53	1.5390625
who	3	974	53	4.1640625
they	3	975	53	6.578125
knew	3	976	53	3.5234375
looked	3	977	53	10.03125
dirt	3	978	53	11.3984375
poor	3	979	53	11.921875
and	3	980	53	1.8984375
helpless.	3	981	53	7.3671875
Passersby	3	982	54	26.7734375
who	3	983	54	5.890625
saw	3	984	54	4.59375
her	3	985	54	1.1875
sitting	3	986	54	7.0234375
motionless	3	987	54	11.3984375
wished	3	988	54	13.2578125
they	3	989	54	3.46875
could	3	990	54	1.515625
have	3	991	54	3.4453125
helped	3	992	54	6.69140625
the	3	993	54	2.5390625
girl,	3	994	54	3.4609375
but	3	995	54	2.4375
their	3	996	54	4.6015625
good	3	997	54	7.0390625
intentions	3	998	54	5.47265625
were	3	999	54	1.4609375
a	3	1000	54	4.6953125
day	3	1001	54	6.19921875
late	3	1002	54	6.39453125
and	3	1003	54	3.0625
a	3	1004	54	3.875
dollar	3	1005	54	11.2421875
short.	3	1006	54	9.8671875
Other	3	1007	55	7.62109375
people	3	1008	55	2.484375
suspected	3	1009	55	7.89453125
the	3	1010	55	2.2578125
girl	3	1011	55	1.7265625
had	3	1012	55	2.15625
fallen	3	1013	55	4.625
asleep	3	1014	55	1.5703125
and	3	1015	55	2.671875
frozen,	3	1016	55	10.4375
but	3	1017	55	2.3203125
no	3	1018	55	3.9921875
one	3	1019	55	0.4453125
imagined	3	1020	55	6.1953125
what	3	1021	55	4.265625
beautiful	3	1022	55	10.453125
things	3	1023	55	5.24609375
she	3	1024	55	3.6171875
had	3	1025	55	1.3046875
seen,	3	1026	55	5.75
nor	3	1027	55	6.90625
into	3	1028	55	8.09375
what	3	1029	55	4.1640625
glory	3	1030	55	12.4453125
she	3	1031	55	1.34375
had	3	1032	55	0.8203125
entered	3	1033	55	7.14453125
with	3	1034	55	5.734375
her	3	1035	55	1.109375
grandmother,	3	1036	55	6.890625
on	3	1037	55	6.7734375
New	3	1038	55	10.359375
Year's	3	1039	55	0.515625
day.	3	1040	55	6.76171875
Once	4	1	1	14.28125
upon	4	2	1	7.5390625
a	4	3	1	3.6796875
time	4	4	1	4.9921875
the	4	5	1	3.98046875
birds	4	6	1	8.5
took	4	7	1	6.22265625
it	4	8	1	3.5625
into	4	9	1	4.453125
their	4	10	1	2.0703125
heads	4	11	1	5.640625
that	4	12	1	5.6328125
they	4	13	1	1.3828125
would	4	14	1	3.6015625
like	4	15	1	4.734375
a	4	16	1	3.1328125
master,	4	17	1	10.4609375
and	4	18	1	1.7265625
that	4	19	1	3.34375
one	4	20	1	5.3515625
of	4	21	1	2.3515625
their	4	22	1	2.953125
number	4	23	1	8.921875
must	4	24	1	6.015625
be	4	25	1	1.953125
chosen	4	26	1	6.80859375
king.	4	27	1	13.921875
A	4	28	2	4.7265625
meeting	4	29	2	9.1796875
of	4	30	2	1.7265625
all	4	31	2	4.421875
the	4	32	2	0.953125
birds	4	33	2	2.46875
was	4	34	2	2.484375
called	4	35	2	4.8515625
and	4	36	2	4.7109375
though	4	37	2	8.28125
they	4	38	2	2.6484375
understood	4	39	2	7.2265625
the	4	40	2	1.8046875
birds	4	41	2	3.6015625
who	4	42	2	4.515625
were	4	43	2	1.625
from	4	44	2	5.91015625
the	4	45	2	1.2421875
most	4	46	2	6.234375
distant	4	47	2	4.4140625
lands	4	48	2	7.16796875
would	4	49	2	4.515625
be	4	50	2	1.8125
unable	4	51	2	7.24609375
to	4	52	2	0.0390625
come,	4	53	2	8.1328125
many	4	54	2	7.66015625
birds	4	55	2	3.8671875
came	4	56	2	5.21875
from	4	57	2	2.15625
faraway	4	58	2	13.07421875
meadows	4	59	2	11.59375
and	4	60	2	1.671875
woods.	4	61	2	9.1015625
The	4	62	3	2.3125
eagle,	4	63	3	10.44140625
who	4	64	3	3.4296875
already	4	65	3	8.265625
thought	4	66	3	4.3671875
himself	4	67	3	7.5625
the	4	68	3	4.3671875
de	4	69	3	9.3828125
facto	4	70	3	3.09375
king,	4	71	3	5.4453125
arrived	4	72	3	7.3515625
fashionably	4	73	3	18.390625
late.	4	74	3	7.3984375
It	4	75	4	3.6171875
was	4	76	4	0.53125
a	4	77	4	1.8984375
hawk	4	78	4	9.04296875
who	4	79	4	3.578125
was	4	80	4	2.921875
most	4	81	4	6.05078125
excited	4	82	4	6.2890625
about	4	83	4	2.78125
the	4	84	4	1.2265625
meeting,	4	85	4	10.4609375
because	4	86	4	5.5
he	4	87	4	2.328125
was	4	88	4	1.9453125
the	4	89	4	3.0078125
dark	4	90	4	7.375
horse	4	91	4	7.234375
for	4	92	4	4.34375
king.	4	93	4	12.5
The	4	94	5	2.109375
small	4	95	5	7.16015625
fry	4	96	5	10.5546875
came	4	97	5	3.8984375
too,	4	98	5	9.87109375
and	4	99	5	1.03125
the	4	100	5	1.6640625
robin,	4	101	5	15.734375
the	4	102	5	2.3515625
bluebird,	4	103	5	15.0078125
the	4	104	5	1.4296875
owl,	4	105	5	9.53125
the	4	106	5	0.90625
lark,	4	107	5	13.47265625
and	4	108	5	1.609375
the	4	109	5	0.234375
sparrow,	4	110	5	15.39453125
who	4	111	5	4.59375
had	4	112	5	1.875
only	4	113	5	6.79296875
a	4	114	5	3.9765625
chance	4	115	5	5.2734375
in	4	116	5	3.7578125
a	4	117	5	2.6640625
million	4	118	5	7.55078125
to	4	119	5	5.1171875
be	4	120	5	2.859375
king,	4	121	5	9.1640625
were	4	122	5	3.453125
all	4	123	5	3.71875
present	4	124	5	8.109375
at	4	125	5	2.53125
the	4	126	5	0.90625
meeting.	4	127	5	6.56640625
The	4	128	6	1.4140625
cuckoo,	4	129	6	17.87109375
who	4	130	6	2.90625
was	4	131	6	2.296875
almost	4	132	6	6.140625
not	4	133	6	6.44140625
invited	4	134	6	6.8359375
because	4	135	6	6.765625
his	4	136	6	3.7578125
call	4	137	6	9.2109375
so	4	138	6	8.3515625
annoyed	4	139	6	10.765625
the	4	140	6	2.4765625
other	4	141	6	4.5390625
birds,	4	142	6	6.88671875
came	4	143	6	5.7578125
too.	4	144	6	8.7890625
It	4	145	7	3.234375
was	4	146	7	0.5
the	4	147	7	1.8125
very	4	148	7	4.96875
little	4	149	7	4.9375
bird	4	150	7	5.296875
who	4	151	7	3.4296875
had	4	152	7	1.4921875
no	4	153	7	5.1640625
name	4	154	7	5.70703125
at	4	155	7	3.8515625
all,	4	156	7	2.4765625
however,	4	157	7	5.4296875
that	4	158	7	3.7734375
would	4	159	7	5.98046875
end	4	160	7	6.07421875
up	4	161	7	1.1171875
overturning	4	162	7	14.515625
the	4	163	7	0.984375
balance	4	164	7	10.734375
of	4	165	7	0.96875
power	4	166	7	6.8671875
among	4	167	7	6.0546875
the	4	168	7	0.8359375
birds.	4	169	7	3.0390625
That	4	170	8	5.15625
there	4	171	8	6.25390625
would	4	172	8	3.046875
be	4	173	8	0.484375
great	4	174	8	5.7734375
confusion	4	175	8	5.63671875
and	4	176	8	2.671875
noise	4	177	8	7.1171875
among	4	178	8	5.3359375
the	4	179	8	0.296875
birds	4	180	8	0.8359375
at	4	181	8	4.859375
the	4	182	8	0.671875
meeting	4	183	8	3.8125
was	4	184	8	4.96875
to	4	185	8	4.46875
be	4	186	8	1.75
expected,	4	187	8	8.9296875
given	4	188	8	6.6015625
the	4	189	8	0.953125
sheer	4	190	8	8.515625
numbers	4	191	8	4.65625
of	4	192	8	0.7421875
birds	4	193	8	2.21875
that	4	194	8	2.3671875
have	4	195	8	4.640625
gathered.	4	196	8	9.83984375
There	4	197	9	3.53125
was	4	198	9	0.9375
piping,	4	199	9	18.359375
hissing,	4	200	9	13.9921875
and	4	201	9	1.359375
clacking,	4	202	9	15.30859375
but	4	203	9	4.171875
finally	4	204	9	8.140625
it	4	205	9	3.140625
was	4	206	9	0.71875
decided	4	207	9	7.18359375
that	4	208	9	0.8984375
the	4	209	9	1.4609375
bird	4	210	9	3.796875
that	4	211	9	5.0703125
could	4	212	9	4.40625
fly	4	213	9	6.171875
the	4	214	9	3.1015625
highest	4	215	9	9.96875
should	4	216	9	9.7578125
be	4	217	9	1.7890625
king.	4	218	9	7.20703125
The	4	219	10	1.6796875
little	4	220	10	5.93359375
bird	4	221	10	1.5859375
lay	4	222	10	6.29296875
low	4	223	10	8.703125
near	4	224	10	6.234375
the	4	225	10	0.546875
eagle	4	226	10	7.28515625
at	4	227	10	5.703125
first,	4	228	10	6.609375
but	4	229	10	3.3203125
the	4	230	10	1.421875
eagle	4	231	10	5.7109375
did	4	232	10	4.6953125
not	4	233	10	0.2265625
notice	4	234	10	6.22265625
the	4	235	10	1.4765625
bird	4	236	10	3.1796875
hopping	4	237	10	11.65625
onto	4	238	10	6.09765625
his	4	239	10	2.921875
back	4	240	10	3.7421875
right	4	241	10	7.38671875
as	4	242	10	4.96875
the	4	243	10	1.46875
competition	4	244	10	12.5078125
was	4	245	10	2.640625
about	4	246	10	5.921875
to	4	247	10	1.640625
commence.	4	248	10	9.3046875
Into	4	249	11	9.65625
the	4	250	11	0.4375
air	4	251	11	7.0859375
in	4	252	11	4.1796875
a	4	253	11	2.3671875
great	4	254	11	6.25390625
flock	4	255	11	9.109375
all	4	256	11	9.03125
the	4	257	11	0.8984375
birds	4	258	11	1.7734375
flew	4	259	11	6.125
when	4	260	11	6.99609375
the	4	261	11	1.421875
signal	4	262	11	8.78125
was	4	263	11	1.0234375
given.	4	264	11	9.015625
The	4	265	12	1.3671875
air	4	266	12	7.63671875
was	4	267	12	1.3828125
full	4	268	12	6.48828125
of	4	269	12	1.2265625
dust,	4	270	12	6.8125
and	4	271	12	1.4140625
it	4	272	12	2.7421875
seemed	4	273	12	3.5
as	4	274	12	3.1484375
if	4	275	12	0.65625
a	4	276	12	4.1015625
black	4	277	12	6.2109375
cloud	4	278	12	6.0234375
were	4	279	12	3.8046875
floating	4	280	12	6.9140625
over	4	281	12	3.171875
the	4	282	12	0.78125
field.	4	283	12	8.64453125
You	4	284	13	7.0078125
could	4	285	13	1.859375
hear	4	286	13	2.484375
the	4	287	13	0.84375
birds	4	288	13	2.3359375
chirping	4	289	13	8.9609375
and	4	290	13	2.4453125
flapping	4	291	13	8.890625
from	4	292	13	3.640625
fields	4	293	13	10.3125
that	4	294	13	3.25
were	4	295	13	2.328125
miles	4	296	13	8.828125
away.	4	297	13	2.7890625
The	4	298	14	1.5703125
little	4	299	14	5.90625
birds	4	300	14	2.1015625
that	4	301	14	4.1796875
soon	4	302	14	8.8359375
grew	4	303	14	5.1484375
tired	4	304	14	5.5390625
fell	4	305	14	7.5390625
back	4	306	14	5.015625
quickly	4	307	14	6.44921875
to	4	308	14	3.625
earth.	4	309	14	8.53125
The	4	310	15	1.390625
fact	4	311	15	6.66796875
that	4	312	15	0.515625
the	4	313	15	1.0
larger	4	314	15	8.375
ones	4	315	15	5.5390625
held	4	316	15	7.00390625
out	4	317	15	3.921875
longer,	4	318	15	9.859375
and	4	319	15	1.7734375
flew	4	320	15	10.328125
higher	4	321	15	8.203125
and	4	322	15	2.5546875
higher,	4	323	15	6.5078125
but	4	324	15	3.6875
the	4	325	15	1.515625
eagle	4	326	15	8.078125
flew	4	327	15	6.7109375
highest	4	328	15	11.390625
of	4	329	15	5.0078125
any,	4	330	15	11.6171875
surprised	4	331	15	10.4453125
no	4	332	15	7.41796875
one.	4	333	15	4.703125
Could	4	334	16	8.53125
anyone	4	335	16	3.9921875
stop	4	336	16	5.328125
the	4	337	16	1.5
eagle	4	338	16	7.625
that	4	339	16	4.0546875
seemed	4	340	16	4.40625
to	4	341	16	0.578125
be	4	342	16	1.4140625
flying	4	343	16	6.77734375
straight	4	344	16	5.6953125
into	4	345	16	2.2734375
the	4	346	16	0.4296875
sun?	4	347	16	5.6875
The	4	348	17	2.3359375
other	4	349	17	4.515625
birds	4	350	17	1.921875
gave	4	351	17	6.68359375
out	4	352	17	5.68359375
one	4	353	17	5.76953125
by	4	354	17	6.390625
one	4	355	17	3.1171875
and	4	356	17	3.859375
when	4	357	17	6.15625
the	4	358	17	1.40625
eagle	4	359	17	5.5546875
saw	4	360	17	3.984375
this	4	361	17	4.78125
he	4	362	17	7.19140625
thought,	4	363	17	6.3359375
``What	4	364	17	17.859375
is	4	365	17	1.96875
the	4	366	17	1.46875
use	4	367	17	8.1953125
of	4	368	17	0.1640625
flying	4	369	17	6.78125
any	4	370	17	8.1875
higher?	4	371	17	9.9453125
This	4	372	18	3.5625
victory	4	373	18	8.859375
is	4	374	18	1.4921875
in	4	375	18	5.015625
the	4	376	18	1.1484375
bag	4	377	18	9.921875
and	4	378	18	3.75
I	4	379	18	4.5546875
am	4	380	18	3.9921875
king!''	4	381	18	20.31640625
Then	4	382	19	8.296875
the	4	383	19	1.7421875
birds	4	384	19	3.4453125
below	4	385	19	8.59375
called	4	386	19	8.59375
with	4	387	19	6.40625
one	4	388	19	5.1015625
accord,	4	389	19	13.6796875
``Come	4	390	19	10.6171875
back,	4	391	19	6.046875
come	4	392	19	3.7890625
back!	4	393	19	2.046875
It	4	394	20	5.62890625
is	4	395	20	1.7421875
you	4	396	20	6.34765625
who	4	397	20	5.40625
must	4	398	20	5.23046875
be	4	399	20	2.390625
our	4	400	20	6.89453125
king	4	401	20	6.0
because	4	402	20	7.43359375
no	4	403	20	5.65625
one	4	404	20	0.53125
can	4	405	20	2.34375
fly	4	406	20	6.07421875
as	4	407	20	5.734375
high	4	408	20	7.12109375
as	4	409	20	0.3046875
you.''	4	410	20	15.828125
``Except	4	411	21	16.9375
me!''	4	412	21	9.83984375
cried	4	413	22	8.03125
a	4	414	22	3.0546875
shrill,	4	415	22	11.2265625
shrill	4	416	22	8.5
voice,	4	417	22	11.828125
and	4	418	22	0.9453125
out	4	419	22	7.71875
of	4	420	22	1.6015625
the	4	421	22	1.125
blue	4	422	22	5.359375
the	4	423	22	7.12890625
little	4	424	22	5.6796875
bird	4	425	22	2.1171875
without	4	426	22	7.9765625
a	4	427	22	2.4609375
name	4	428	22	6.47265625
rose	4	429	22	9.65625
from	4	430	22	1.9296875
the	4	431	22	0.6640625
eagle's	4	432	22	8.8125
back,	4	433	22	6.53125
where	4	434	22	4.8046875
he	4	435	22	3.96875
had	4	436	22	3.2421875
lain	4	437	22	11.67578125
hidden	4	438	22	9.5703125
in	4	439	22	2.421875
the	4	440	22	0.828125
feathers.	4	441	22	8.44140625
His	4	442	23	4.953125
guile	4	443	23	11.65625
was	4	444	23	3.73828125
the	4	445	23	2.046875
ace	4	446	23	11.203125
up	4	447	23	7.41796875
his	4	448	23	3.796875
sleeve,	4	449	23	7.515625
and	4	450	23	1.0234375
he	4	451	23	1.53125
laughed	4	452	23	6.5625
to	4	453	23	4.265625
himself	4	454	23	3.5546875
at	4	455	23	4.7578125
how	4	456	23	7.0
easy	4	457	23	6.6328125
it	4	458	23	0.8125
had	4	459	23	3.1875
been	4	460	23	2.078125
to	4	461	23	1.7890625
outwit	4	462	23	17.265625
the	4	463	23	2.359375
other	4	464	23	4.640625
birds.	4	465	23	4.03125
Higher	4	466	24	11.6953125
and	4	467	24	3.0390625
higher	4	468	24	4.2421875
he	4	469	24	5.6015625
mounted,	4	470	24	13.0703125
until	4	471	24	6.68359375
he	4	472	24	1.109375
was	4	473	24	2.796875
lost	4	474	24	6.5859375
to	4	475	24	2.5078125
sight,	4	476	24	7.25
and	4	477	24	1.4765625
then	4	478	24	3.421875
folding	4	479	24	11.28125
his	4	480	24	2.1875
wings	4	481	24	4.1171875
together,	4	482	24	7.0546875
he	4	483	24	2.09375
sank	4	484	24	7.22265625
to	4	485	24	2.2109375
earth	4	486	24	5.8125
crying	4	487	24	11.7265625
shrilly,	4	488	24	18.5859375
``I	4	489	24	14.28125
am	4	490	24	2.875
king,	4	491	24	8.171875
I	4	492	24	3.75
am	4	493	24	1.28125
king!''	4	494	24	5.0234375
The	4	495	25	5.0078125
eagle	4	496	25	6.1875
tricked	4	497	25	10.7578125
by	4	498	25	3.6875
the	4	499	25	1.0078125
little	4	500	25	5.90234375
bird	4	501	25	1.46875
had	4	502	25	5.015625
not	4	503	25	4.546875
sensed	4	504	25	8.734375
the	4	505	25	1.9296875
bird	4	506	25	3.2109375
in	4	507	25	3.0703125
his	4	508	25	2.0
feathers	4	509	25	7.890625
and	4	510	25	2.8203125
so	4	511	25	5.55859375
had	4	512	25	5.37890625
not	4	513	25	3.515625
at	4	514	25	6.390625
all	4	515	25	0.734375
expected	4	516	25	10.1171875
the	4	517	25	3.1640625
bird	4	518	25	2.40625
to	4	519	25	2.0078125
come	4	520	25	3.5234375
flying	4	521	25	8.3671875
out	4	522	25	4.1796875
like	4	523	25	5.796875
that.	4	524	25	5.3046875
The	4	525	26	1.8828125
birds	4	526	26	2.890625
back	4	527	26	8.09375
on	4	528	26	3.6953125
earth	4	529	26	4.734375
were	4	530	26	1.4921875
all	4	531	26	3.78125
up	4	532	26	5.671875
in	4	533	26	2.4453125
arms.	4	534	26	9.69140625
``You,	4	535	27	15.75390625
and	4	536	27	3.3203125
not	4	537	27	6.05078125
the	4	538	27	2.859375
eagle,	4	539	27	7.8203125
our	4	540	27	7.02734375
king?''	4	541	27	13.92578125
the	4	542	28	2.5859375
birds	4	543	28	3.6171875
cried,	4	544	28	8.01171875
fuming	4	545	28	11.765625
with	4	546	28	4.2890625
anger.	4	547	28	8.88671875
``You	4	548	29	6.3828125
have	4	549	29	3.6015625
done	4	550	29	4.921875
this	4	551	29	2.1875
by	4	552	29	3.90625
breaking	4	553	29	7.96484375
every	4	554	29	7.2734375
rule	4	555	29	7.6953125
in	4	556	29	2.953125
the	4	557	29	1.1953125
book,	4	558	29	9.03125
so	4	559	29	3.9140625
we	4	560	29	2.453125
will	4	561	29	3.125
not	4	562	29	2.8359375
have	4	563	29	2.2890625
you,	4	564	29	7.4609375
who	4	565	29	5.765625
are	4	566	29	2.90625
simply	4	567	29	7.9453125
tricky	4	568	29	13.21875
and	4	569	29	3.515625
cunning,	4	570	29	8.8125
to	4	571	29	4.375
reign	4	572	29	10.2890625
over	4	573	29	6.26953125
us.''	4	574	29	11.375
The	4	575	30	4.6875
bird	4	576	30	3.3828125
without	4	577	30	9.40625
a	4	578	30	1.828125
name	4	579	30	2.203125
then	4	580	30	7.08203125
decided	4	581	30	7.25
to	4	582	30	1.25
clear	4	583	30	8.828125
the	4	584	30	1.1015625
air	4	585	30	7.76953125
and	4	586	30	2.953125
said,	4	587	30	9.828125
``Then	4	588	30	8.4609375
let	4	589	30	4.6640625
everyone	4	590	30	6.21875
start	4	591	30	4.3828125
with	4	592	30	3.125
a	4	593	30	2.1953125
clean	4	594	30	7.7734375
slate	4	595	30	4.40625
and	4	596	30	3.234375
perform	4	597	30	9.53125
a	4	598	30	2.25
new	4	599	30	5.03125
challenging	4	600	30	12.1953125
task.	4	601	30	3.390625
Then	4	602	31	2.890625
we	4	603	31	2.1796875
can	4	604	31	2.8984375
decide	4	605	31	7.5625
who	4	606	31	3.484375
should	4	607	31	4.9765625
be	4	608	31	1.5703125
the	4	609	31	3.046875
real	4	610	31	6.93359375
king.''	4	611	31	15.6015625
Then	4	612	32	3.6640625
the	4	613	32	1.890625
birds	4	614	32	2.1171875
gathered	4	615	32	5.48046875
together	4	616	32	2.6171875
again	4	617	32	4.0234375
and	4	618	32	1.8828125
decided	4	619	32	8.484375
the	4	620	32	3.4375
case	4	621	32	7.7578125
would	4	622	32	2.703125
be	4	623	32	1.375
resolved	4	624	32	7.59765625
by	4	625	32	2.2890625
making	4	626	32	6.5078125
a	4	627	32	1.4921875
new	4	628	32	3.7734375
condition,	4	629	32	10.8828125
which	4	630	32	2.7109375
was	4	631	32	2.234375
that	4	632	32	5.9375
he	4	633	32	4.2578125
should	4	634	32	4.890625
be	4	635	32	1.7109375
king	4	636	32	6.37890625
who	4	637	32	5.8984375
could	4	638	32	2.78125
go	4	639	32	4.96875
the	4	640	32	4.375
deepest	4	641	32	8.953125
into	4	642	32	4.6484375
the	4	643	32	0.625
earth.	4	644	32	5.5234375
So	4	645	33	5.171875
the	4	646	33	1.8984375
little	4	647	33	6.1640625
bird	4	648	33	0.9921875
who	4	649	33	2.84375
the	4	650	33	7.1796875
other	4	651	33	4.953125
birds	4	652	33	1.2890625
despised	4	653	33	11.203125
was	4	654	33	4.40625
now	4	655	33	5.09375
back	4	656	33	7.10546875
to	4	657	33	2.171875
square	4	658	33	10.0625
one.	4	659	33	7.078125
Confident,	4	660	34	16.7265625
he	4	661	34	2.828125
remained,	4	662	34	9.19140625
however,	4	663	34	5.5
that	4	664	34	4.28125
if	4	665	34	4.4921875
he	4	666	34	1.546875
played	4	667	34	8.3125
his	4	668	34	2.625
cards	4	669	34	7.84375
right,	4	670	34	9.73046875
he	4	671	34	1.421875
could	4	672	34	2.03125
be	4	673	34	3.1171875
king.	4	674	34	7.0859375
How	4	675	35	6.86328125
the	4	676	35	3.8671875
goose	4	677	35	7.08984375
wallowed	4	678	35	17.078125
in	4	679	35	3.4296875
the	4	680	35	0.90625
sand,	4	681	35	7.828125
and	4	682	35	2.09375
the	4	683	35	2.34375
duck	4	684	35	6.58203125
strove	4	685	35	9.8203125
to	4	686	35	2.21875
dig	4	687	35	7.7578125
a	4	688	35	2.5703125
hole	4	689	35	3.3125
for	4	690	35	5.3984375
the	4	691	35	1.5703125
new	4	692	35	6.33984375
task!	4	693	35	12.7734375
All	4	694	36	6.3828125
the	4	695	36	1.0625
other	4	696	36	4.7578125
birds	4	697	36	0.4921875
tried	4	698	36	6.78515625
to	4	699	36	0.375
hide	4	700	36	4.6796875
themselves	4	701	36	3.546875
in	4	702	36	2.21875
the	4	703	36	0.640625
ground,	4	704	36	6.328125
too,	4	705	36	6.28125
until	4	706	36	4.8515625
they	4	707	36	1.4453125
were	4	708	36	2.46875
practically	4	709	36	8.78125
blue	4	710	36	8.8828125
in	4	711	36	3.2421875
the	4	712	36	0.53125
face.	4	713	36	7.859375
The	4	714	37	2.171875
nameless	4	715	37	10.5546875
little	4	716	37	5.3359375
bird	4	717	37	1.1484375
that	4	718	37	3.4765625
was	4	719	37	2.7578125
as	4	720	37	5.60546875
bold	4	721	37	7.80859375
as	4	722	37	0.1328125
brass	4	723	37	10.015625
found	4	724	37	9.9375
a	4	725	37	4.8828125
pitch	4	726	37	8.765625
dark	4	727	37	6.9453125
mouse's	4	728	37	15.82421875
hole,	4	729	37	9.953125
and	4	730	37	1.1875
creeping	4	731	37	10.9296875
in	4	732	37	2.6328125
cried,	4	733	37	15.671875
``I	4	734	37	8.03125
am	4	735	37	1.1328125
king,	4	736	37	5.5078125
I	4	737	37	4.0546875
am	4	738	37	0.8359375
king!''	4	739	37	4.3515625
but	4	740	38	5.3046875
it	4	741	38	2.3046875
was	4	742	38	1.0234375
of	4	743	38	6.703125
no	4	744	38	4.484375
avail.	4	745	38	9.0625
``You,	4	746	39	12.25
our	4	747	39	7.17578125
king?''	4	748	39	7.984375
all	4	749	40	5.5546875
the	4	750	40	0.625
remaining	4	751	40	8.671875
birds	4	752	40	1.6171875
who	4	753	40	5.9453125
the	4	754	40	6.875
littlest	4	755	40	15.61328125
bird	4	756	40	7.02734375
had	4	757	40	1.9765625
outwitted	4	758	40	20.00390625
cried	4	759	40	11.0625
again,	4	760	40	6.3359375
even	4	761	40	6.5078125
more	4	762	40	4.5546875
angrily	4	763	40	7.76171875
than	4	764	40	1.03125
before.	4	765	40	5.578125
``Do	4	766	41	9.53125
you	4	767	41	0.484375
think	4	768	41	2.8984375
we	4	769	41	3.03125
would	4	770	41	4.1953125
reward	4	771	41	9.265625
your	4	772	41	4.125
cunning	4	773	41	9.4296875
in	4	774	41	4.0625
this	4	775	41	2.921875
way?	4	776	41	4.328125
No,	4	777	42	6.85546875
no!	4	778	42	6.28125
You	4	779	43	3.140625
shall	4	780	43	4.875
stay	4	781	43	5.4453125
in	4	782	43	2.0625
the	4	783	43	1.0390625
earth	4	784	43	4.953125
till	4	785	43	5.21875
you	4	786	43	1.1171875
die	4	787	43	4.4375
of	4	788	43	5.515625
hunger!''	4	789	43	10.8984375
So	4	790	44	6.1796875
they	4	791	44	4.2890625
shut	4	792	44	7.921875
up	4	793	44	2.109375
the	4	794	44	1.4296875
little	4	795	44	5.1015625
bird	4	796	44	1.109375
in	4	797	44	2.875
the	4	798	44	0.671875
mouse's	4	799	44	13.7890625
hole	4	800	44	4.6640625
that	4	801	44	4.1875
the	4	802	44	3.671875
mouse	4	803	44	7.59375
gave	4	804	44	5.5
up	4	805	44	2.0859375
most	4	806	44	8.109375
unwillingly,	4	807	44	20.578125
and	4	808	44	1.0546875
bade	4	809	44	13.28125
the	4	810	44	2.1015625
owl	4	811	44	5.7890625
watch	4	812	44	9.9140625
him	4	813	44	4.046875
carefully	4	814	44	8.0
night	4	815	44	8.484375
and	4	816	44	2.8203125
day.	4	817	44	8.07421875
Then	4	818	45	2.4765625
all	4	819	45	5.234375
the	4	820	45	0.46875
birds	4	821	45	1.953125
went	4	822	45	3.7734375
home	4	823	45	5.0390625
to	4	824	45	2.0625
bed,	4	825	45	7.6171875
for	4	826	45	5.515625
they	4	827	45	2.53125
were	4	828	45	2.4296875
very	4	829	45	4.71875
tired,	4	830	45	5.9609375
but	4	831	45	2.984375
the	4	832	45	2.1640625
owl	4	833	45	5.6015625
assigned	4	834	45	11.3828125
by	4	835	45	5.390625
the	4	836	45	0.875
birds	4	837	45	2.8984375
to	4	838	45	3.4609375
stand	4	839	45	5.8046875
guard	4	840	45	7.56640625
found	4	841	45	12.1328125
his	4	842	45	4.3828125
job	4	843	45	10.15625
was	4	844	45	5.44140625
lonely	4	845	45	9.890625
and	4	846	45	2.046875
wearisome	4	847	45	23.09375
because	4	848	45	8.953125
he	4	849	45	1.7421875
was	4	850	45	1.9296875
just	4	851	45	5.6171875
sitting	4	852	45	5.0859375
alone	4	853	45	4.5390625
staring	4	854	45	7.6640625
at	4	855	45	1.1796875
the	4	856	45	0.7734375
mouse's	4	857	45	10.34375
hole.	4	858	45	4.6171875
``I	4	859	46	5.9296875
can	4	860	46	4.1171875
close	4	861	46	8.390625
one	4	862	46	5.359375
eye	4	863	46	6.96875
and	4	864	46	3.1015625
watch	4	865	46	4.9296875
with	4	866	46	4.90625
the	4	867	46	1.6875
other,''	4	868	46	13.921875
he	4	869	46	0.890625
thought.	4	870	46	6.765625
So	4	871	47	8.6875
he	4	872	47	1.8671875
closed	4	873	47	7.32421875
one	4	874	47	6.21875
eye	4	875	47	2.84375
and	4	876	47	0.4453125
stared	4	877	47	4.6171875
steadfastly	4	878	47	12.1328125
with	4	879	47	3.4609375
the	4	880	47	1.578125
other,	4	881	47	5.0546875
but	4	882	47	2.8046875
before	4	883	47	5.52734375
he	4	884	47	0.6171875
knew	4	885	47	5.234375
it	4	886	47	1.6171875
he	4	887	47	4.875
forgot	4	888	47	7.88671875
to	4	889	47	2.515625
keep	4	890	47	4.5859375
that	4	891	47	5.1171875
one	4	892	47	6.09375
open,	4	893	47	10.9296875
and	4	894	47	1.265625
both	4	895	47	6.703125
eyes	4	896	47	5.3515625
were	4	897	47	2.234375
fast	4	898	47	7.64453125
asleep.	4	899	47	4.03125
Then	4	900	48	2.7109375
the	4	901	48	1.90625
little	4	902	48	5.609375
bird	4	903	48	0.890625
guarded	4	904	48	11.65625
by	4	905	48	3.140625
the	4	906	48	0.5234375
owl	4	907	48	6.0078125
peeped	4	908	48	14.6953125
out,	4	909	48	5.4375
and	4	910	48	1.3125
when	4	911	48	3.859375
he	4	912	48	1.3359375
saw	4	913	48	2.4765625
the	4	914	48	1.1953125
owl's	4	915	48	9.9375
two	4	916	48	7.0234375
eyes	4	917	48	4.9609375
tight	4	918	48	8.15625
shut,	4	919	48	10.11328125
he	4	920	48	2.078125
slipped	4	921	48	5.453125
from	4	922	48	3.8203125
the	4	923	48	0.6953125
hole	4	924	48	6.3359375
and	4	925	48	2.0546875
flew	4	926	48	6.1484375
away.	4	927	48	5.0625
He	4	928	49	3.59375
wanted	4	929	49	6.7109375
to	4	930	49	0.6328125
shout,	4	931	49	9.59375
``I	4	932	49	9.7890625
am	4	933	49	1.578125
king''	4	934	49	12.171875
so	4	935	49	5.390625
that	4	936	49	1.6875
the	4	937	49	2.1171875
owl	4	938	49	4.640625
could	4	939	49	3.34375
hear	4	940	49	3.1875
him	4	941	49	2.90625
as	4	942	49	4.96875
he	4	943	49	1.921875
flew,	4	944	49	10.0078125
but	4	945	49	2.6953125
thought	4	946	49	8.5703125
better	4	947	49	7.63671875
of	4	948	49	4.4140625
it.	4	949	49	3.796875
From	4	950	50	7.13671875
this	4	951	50	3.5859375
time	4	952	50	2.2109375
on,	4	953	50	7.8046875
the	4	954	50	2.046875
owl	4	955	50	4.109375
fooled	4	956	50	12.6953125
by	4	957	50	3.171875
the	4	958	50	0.5625
little	4	959	50	5.3671875
bird	4	960	50	1.046875
has	4	961	50	6.71484375
not	4	962	50	4.234375
dared	4	963	50	7.00390625
to	4	964	50	0.4375
show	4	965	50	5.3125
himself	4	966	50	3.59375
by	4	967	50	5.46875
day	4	968	50	6.9921875
for	4	969	50	5.609375
fear	4	970	50	7.05078125
the	4	971	50	5.6796875
birds	4	972	50	2.7578125
should	4	973	50	6.48828125
beat	4	974	50	7.80859375
the	4	975	50	2.1953125
living	4	976	50	8.21875
daylights	4	977	50	16.546875
out	4	978	50	4.6328125
of	4	979	50	1.0859375
him.	4	980	50	5.5703125
He	4	981	51	3.328125
flies	4	982	51	8.6875
about	4	983	51	6.9921875
only	4	984	51	7.125
at	4	985	51	6.06640625
nighttime,	4	986	51	9.38671875
hating	4	987	51	12.8125
and	4	988	51	2.6953125
pursuing	4	989	51	8.609375
not	4	990	51	7.51171875
the	4	991	51	4.9609375
bird,	4	992	51	5.3125
but	4	993	51	1.109375
the	4	994	51	2.8125
mouse	4	995	51	8.78125
for	4	996	51	7.66015625
having	4	997	51	7.609375
made	4	998	51	5.82421875
the	4	999	51	2.328125
hole	4	1000	51	8.078125
into	4	1001	51	5.0
which	4	1002	51	5.046875
the	4	1003	51	1.5625
little	4	1004	51	6.4140625
bird	4	1005	51	0.78125
crept.	4	1006	51	12.8828125
And	4	1007	52	4.40625
the	4	1008	52	2.0703125
little	4	1009	52	4.84375
bird	4	1010	52	0.7890625
also	4	1011	52	5.77734375
keeps	4	1012	52	7.27734375
out	4	1013	52	5.7109375
of	4	1014	52	0.609375
sight,	4	1015	52	6.1953125
for	4	1016	52	5.5078125
he	4	1017	52	3.03125
fears	4	1018	52	9.6640625
that	4	1019	52	2.109375
the	4	1020	52	1.375
other	4	1021	52	5.359375
birds	4	1022	52	0.7578125
should	4	1023	52	4.421875
punish	4	1024	52	9.640625
him	4	1025	52	1.109375
for	4	1026	52	2.4296875
his	4	1027	52	3.453125
cunning.	4	1028	52	10.390625
The	4	1029	53	2.9296875
rejection	4	1030	53	14.6953125
by	4	1031	53	5.109375
the	4	1032	53	0.9140625
other	4	1033	53	5.171875
birds	4	1034	53	1.09375
was	4	1035	53	3.2421875
a	4	1036	53	3.3125
bitter	4	1037	53	7.0703125
pill	4	1038	53	8.40625
to	4	1039	53	3.546875
swallow	4	1040	53	5.984375
for	4	1041	53	4.765625
the	4	1042	53	1.53125
nameless	4	1043	53	9.90625
bird	4	1044	53	3.5625
the	4	1045	53	6.92578125
owl	4	1046	53	6.15625
had	4	1047	53	2.5078125
let	4	1048	53	7.4921875
slip	4	1049	53	9.4609375
away.	4	1050	53	4.7734375
He	4	1051	54	3.296875
hides	4	1052	54	8.125
in	4	1053	54	3.5546875
the	4	1054	54	0.9375
hedges,	4	1055	54	13.90625
and	4	1056	54	1.0703125
when	4	1057	54	3.9375
he	4	1058	54	0.5703125
thinks	4	1059	54	7.88671875
himself	4	1060	54	6.48828125
quite	4	1061	54	8.34375
safe,	4	1062	54	7.96875
he	4	1063	54	0.875
sings	4	1064	54	6.68359375
out,	4	1065	54	7.875
``I	4	1066	54	10.3046875
am	4	1067	54	0.7734375
king,	4	1068	54	5.6171875
I	4	1069	54	3.6484375
am	4	1070	54	0.84375
king!''	4	1071	54	6.0078125
And	4	1072	55	2.765625
the	4	1073	55	2.1953125
other	4	1074	55	5.015625
birds	4	1075	55	0.7890625
in	4	1076	55	3.7578125
mockery	4	1077	55	12.3046875
call	4	1078	55	9.7109375
out,	4	1079	55	7.1015625
``Yes,	4	1080	55	10.7890625
yes,	4	1081	55	5.51171875
the	4	1082	55	3.203125
hedge-king,	4	1083	55	28.6640625
the	4	1084	55	2.3359375
hedge-king!''	4	1085	55	18.85546875
At	5	1	1	11.6015625
ten	5	2	1	10.6328125
years	5	3	1	3.98828125
old,	5	4	1	5.203125
I	5	5	1	3.140625
could	5	6	1	5.125
not	5	7	1	2.828125
figure	5	8	1	7.3046875
out	5	9	1	0.9765625
what	5	10	1	2.1171875
it	5	11	1	3.40625
was	5	12	1	1.25
that	5	13	1	4.4609375
this	5	14	1	4.484375
Elvis	5	15	1	13.375
Presley	5	16	1	6.4296875
guy	5	17	1	9.828125
had	5	18	1	2.5
that	5	19	1	5.703125
the	5	20	1	5.5078125
rest	5	21	1	6.41015625
of	5	22	1	0.21875
us	5	23	1	3.6484375
boys	5	24	1	9.0859375
did	5	25	1	5.73046875
not	5	26	1	1.6640625
have.	5	27	1	6.09375
He	5	28	2	2.875
seemed	5	29	2	4.4375
to	5	30	2	0.703125
be	5	31	2	2.125
no	5	32	2	5.7734375
different	5	33	2	4.859375
from	5	34	2	1.96875
the	5	35	2	1.4609375
rest	5	36	2	4.53125
of	5	37	2	0.078125
us.	5	38	2	2.234375
He	5	39	3	1.8125
was	5	40	3	1.921875
simply	5	41	3	6.88671875
a	5	42	3	1.8828125
man	5	43	3	4.21875
who	5	44	3	1.484375
had	5	45	3	1.8203125
a	5	46	3	2.8828125
head,	5	47	3	10.4296875
two	5	48	3	5.6015625
arms	5	49	3	7.82421875
and	5	50	3	1.7890625
two	5	51	3	1.4765625
legs.	5	52	3	3.546875
It	5	53	4	3.6328125
must	5	54	4	7.30859375
have	5	55	4	1.125
been	5	56	4	0.4140625
something	5	57	4	6.14453125
pretty	5	58	4	7.484375
superlative	5	59	4	16.5078125
that	5	60	4	2.6640625
he	5	61	4	2.0234375
had	5	62	4	1.515625
hidden	5	63	4	8.828125
away,	5	64	4	7.0078125
because	5	65	4	5.4765625
he	5	66	4	0.953125
had	5	67	4	1.390625
every	5	68	4	7.78515625
young	5	69	4	7.85546875
girl	5	70	4	4.109375
at	5	71	4	4.34375
the	5	72	4	1.203125
orphanage	5	73	4	10.578125
wrapped	5	74	4	10.984375
around	5	75	4	1.0625
his	5	76	4	2.2265625
little	5	77	4	5.93359375
finger.	5	78	4	4.890625
At	5	79	5	5.0546875
about	5	80	5	5.0078125
nine	5	81	5	5.078125
o'clock	5	82	5	4.5625
on	5	83	5	3.8515625
Saturday	5	84	5	6.55078125
morning,	5	85	5	3.4140625
I	5	86	5	2.6640625
figured	5	87	5	6.390625
a	5	88	5	5.5234375
good	5	89	5	4.6640625
solution	5	90	5	9.109375
was	5	91	5	2.3359375
to	5	92	5	2.234375
ask	5	93	5	5.625
Eugene	5	94	5	11.3828125
Correthers,	5	95	5	28.265625
who	5	96	5	2.3203125
was	5	97	5	2.125
one	5	98	5	4.96875
of	5	99	5	0.3671875
the	5	100	5	0.5546875
older	5	101	5	6.5625
and	5	102	5	4.046875
smarter	5	103	5	9.453125
boys,	5	104	5	6.546875
what	5	105	5	6.109375
it	5	106	5	4.234375
was	5	107	5	0.8828125
that	5	108	5	3.0546875
made	5	109	5	6.8359375
this	5	110	5	4.9453125
Elvis	5	111	5	10.4453125
guy	5	112	5	12.53125
so	5	113	5	5.140625
special.	5	114	5	9.73046875
He	5	115	6	1.484375
told	5	116	6	5.171875
me	5	117	6	0.7421875
that	5	118	6	1.46875
it	5	119	6	3.453125
was	5	120	6	0.53125
not	5	121	6	3.7421875
anything	5	122	6	7.703125
about	5	123	6	3.53125
Elvis's	5	124	6	11.6640625
personality,	5	125	6	7.6796875
but	5	126	6	1.0859375
his	5	127	6	4.6484375
wavy	5	128	6	13.671875
hair,	5	129	6	3.7421875
and	5	130	6	1.84375
the	5	131	6	3.171875
way	5	132	6	4.9609375
he	5	133	6	1.2890625
moved	5	134	6	6.4609375
his	5	135	6	3.0703125
body.	5	136	6	7.1640625
About	5	137	7	8.6875
a	5	138	7	3.1953125
half	5	139	7	3.984375
an	5	140	7	5.24609375
hour	5	141	7	0.28125
later,	5	142	7	2.1875
the	5	143	7	3.28125
boys	5	144	7	4.40625
in	5	145	7	4.828125
the	5	146	7	1.03125
orphanage	5	147	7	9.1015625
called	5	148	7	5.87109375
down	5	149	7	7.890625
to	5	150	7	1.9765625
the	5	151	7	2.4296875
main	5	152	7	6.68359375
dining	5	153	7	6.20703125
room	5	154	7	0.421875
by	5	155	7	6.0078125
the	5	156	7	1.25
matron	5	157	7	12.9921875
were	5	158	7	8.640625
told	5	159	7	7.0390625
that	5	160	7	2.1015625
they	5	161	7	2.09375
were	5	162	7	1.3046875
all	5	163	7	3.7734375
going	5	164	7	4.3984375
to	5	165	7	0.53125
downtown	5	166	7	10.5234375
Jacksonville,	5	167	7	11.4453125
Florida	5	168	7	7.28515625
to	5	169	7	5.921875
get	5	170	7	2.8984375
a	5	171	7	2.2421875
new	5	172	7	4.828125
pair	5	173	7	5.609375
of	5	174	7	0.265625
Buster	5	175	7	13.4765625
Brown	5	176	7	9.015625
shoes	5	177	7	7.23046875
and	5	178	7	2.109375
a	5	179	7	2.390625
haircut.	5	180	7	14.515625
That	5	181	8	4.234375
is	5	182	8	4.171875
when	5	183	8	4.296875
I	5	184	8	2.265625
got	5	185	8	3.484375
this	5	186	8	3.78125
big	5	187	8	5.8671875
idea,	5	188	8	7.953125
which	5	189	8	5.1796875
hit	5	190	8	8.4921875
me	5	191	8	2.328125
like	5	192	8	3.765625
a	5	193	8	1.21875
ton	5	194	8	7.01171875
of	5	195	8	0.328125
bricks.	5	196	8	10.09375
If	5	197	9	5.0546875
the	5	198	9	3.4375
Elvis	5	199	9	12.1171875
haircut	5	200	9	9.2421875
was	5	201	9	1.4296875
the	5	202	9	2.921875
big	5	203	9	4.6953125
secret,	5	204	9	8.9921875
then	5	205	9	2.46875
Elvis's	5	206	9	15.2578125
haircut	5	207	9	6.4296875
I	5	208	9	7.1875
was	5	209	9	2.921875
going	5	210	9	3.3984375
to	5	211	9	0.171875
get.	5	212	9	8.4375
I	5	213	10	1.5859375
was	5	214	10	2.5703125
going	5	215	10	1.96875
to	5	216	10	0.1015625
have	5	217	10	2.3828125
my	5	218	10	3.78125
day	5	219	10	6.5078125
in	5	220	10	3.4921875
the	5	221	10	0.796875
sun,	5	222	10	8.30859375
and	5	223	10	0.984375
all	5	224	10	5.34375
the	5	225	10	1.453125
way	5	226	10	2.5625
to	5	227	10	2.9453125
town	5	228	10	6.0
that	5	229	10	3.4296875
was	5	230	10	1.828125
all	5	231	10	3.9140625
I	5	232	10	3.03125
talked	5	233	10	7.8125
about.	5	234	10	3.1484375
The	5	235	11	3.1953125
fact	5	236	11	5.73046875
that	5	237	11	0.84375
I	5	238	11	1.4765625
was	5	239	11	2.0703125
getting	5	240	11	4.21875
an	5	241	11	4.6796875
Elvis	5	242	11	9.765625
haircut,	5	243	11	9.4296875
not	5	244	11	4.6875
just	5	245	11	3.1015625
the	5	246	11	2.5234375
simple	5	247	11	7.5234375
fact	5	248	11	4.609375
that	5	249	11	0.1796875
we	5	250	11	3.1640625
were	5	251	11	1.7890625
getting	5	252	11	3.2890625
out	5	253	11	4.59375
of	5	254	11	0.53125
the	5	255	11	1.0078125
orphanage,	5	256	11	12.75
made	5	257	11	7.6875
me	5	258	11	3.21875
particularly	5	259	11	8.125
loquacious.	5	260	11	25.75
I	5	261	12	1.453125
told	5	262	12	5.3671875
everybody,	5	263	12	8.6796875
including	5	264	12	5.921875
the	5	265	12	1.8671875
orphanage	5	266	12	9.8125
matron	5	267	12	10.5625
I	5	268	12	4.15625
normally	5	269	12	9.453125
feared,	5	270	12	12.796875
that	5	271	12	2.9375
I	5	272	12	1.359375
was	5	273	12	2.0625
going	5	274	12	1.6484375
to	5	275	12	0.0625
look	5	276	12	4.59375
just	5	277	12	6.625
like	5	278	12	2.1875
Elvis	5	279	12	9.1640625
Presley	5	280	12	4.96875
and	5	281	12	2.2734375
that	5	282	12	4.3125
I	5	283	12	1.6015625
would	5	284	12	3.5234375
learn	5	285	12	7.73046875
to	5	286	12	1.84375
move	5	287	12	6.59765625
around	5	288	12	3.6171875
just	5	289	12	6.29296875
like	5	290	12	2.3046875
he	5	291	12	4.0859375
did	5	292	12	3.4453125
and	5	293	12	4.3515625
that	5	294	12	3.328125
I	5	295	12	1.7109375
would	5	296	12	2.8515625
be	5	297	12	3.203125
rich	5	298	12	10.1875
and	5	299	12	2.1796875
famous	5	300	12	7.79296875
one	5	301	12	8.015625
day,	5	302	12	6.625
just	5	303	12	5.28125
like	5	304	12	1.9921875
him.	5	305	12	6.3359375
The	5	306	13	3.265625
matron	5	307	13	9.0625
understood	5	308	13	9.7890625
my	5	309	13	3.453125
idea	5	310	13	5.8828125
was	5	311	13	3.4609375
something	5	312	13	3.9375
that	5	313	13	1.671875
I	5	314	13	1.234375
was	5	315	13	2.359375
really	5	316	13	4.171875
excited	5	317	13	3.5390625
about	5	318	13	1.6796875
and	5	319	13	3.6484375
said	5	320	13	5.4296875
nothing.	5	321	13	5.625
When	5	322	14	4.6953125
I	5	323	14	0.4296875
got	5	324	14	2.546875
my	5	325	14	3.0078125
new	5	326	14	5.1875
Buster	5	327	14	7.890625
Brown	5	328	14	1.7265625
shoes,	5	329	14	2.65625
I	5	330	14	0.6328125
was	5	331	14	1.9375
smiling	5	332	14	7.87109375
from	5	333	14	5.2265625
ear	5	334	14	8.453125
to	5	335	14	2.765625
ear.	5	336	14	3.9921875
Those	5	337	15	7.234375
shoes,	5	338	15	8.1171875
they	5	339	15	4.109375
shined	5	340	15	12.9453125
really	5	341	15	8.9375
brightly,	5	342	15	10.3046875
and	5	343	15	1.1875
I	5	344	15	1.9609375
liked	5	345	15	4.921875
looking	5	346	15	6.859375
at	5	347	15	1.953125
the	5	348	15	1.8046875
bones	5	349	15	10.1484375
in	5	350	15	3.8203125
my	5	351	15	1.65625
feet,	5	352	15	8.3359375
which	5	353	15	3.7734375
I	5	354	15	1.484375
had	5	355	15	2.15625
never	5	356	15	3.8125
seen	5	357	15	1.1015625
before,	5	358	15	5.8203125
through	5	359	15	7.234375
a	5	360	15	2.515625
special	5	361	15	7.87109375
x-ray	5	362	15	15.9453125
machine	5	363	15	5.49609375
they	5	364	15	7.71875
had	5	365	15	1.5390625
in	5	366	15	4.203125
the	5	367	15	1.4140625
shoe	5	368	15	8.0234375
store	5	369	15	3.359375
that	5	370	15	4.328125
made	5	371	15	3.6484375
the	5	372	15	3.421875
bones	5	373	15	8.328125
in	5	374	15	2.90625
your	5	375	15	5.3046875
feet	5	376	15	2.578125
look	5	377	15	9.4609375
green.	5	378	15	10.1875
I	5	379	16	1.640625
was	5	380	16	2.3828125
now	5	381	16	6.0546875
almost	5	382	16	6.484375
ready	5	383	16	4.7265625
to	5	384	16	0.78125
go	5	385	16	2.71875
back	5	386	16	2.59375
to	5	387	16	1.3515625
the	5	388	16	1.09375
orphanage	5	389	16	9.421875
and	5	390	16	2.34375
practice	5	391	16	9.0625
being	5	392	16	7.44921875
like	5	393	16	4.9921875
the	5	394	16	2.6171875
man	5	395	16	5.3828125
who	5	396	16	1.6015625
all	5	397	16	8.3359375
the	5	398	16	3.890625
girls	5	399	16	5.125
loved,	5	400	16	8.375
since	5	401	16	6.65625
I	5	402	16	1.203125
had	5	403	16	1.921875
my	5	404	16	4.2890625
new	5	405	16	5.140625
Buster	5	406	16	3.2734375
Brown	5	407	16	1.3203125
shoes.	5	408	16	2.6171875
It	5	409	17	3.078125
was	5	410	17	0.6953125
the	5	411	17	2.484375
new	5	412	17	5.5
haircut,	5	413	17	10.1015625
though,	5	414	17	5.5859375
that	5	415	17	3.171875
I	5	416	17	1.2890625
needed	5	417	17	4.546875
to	5	418	17	1.828125
complete	5	419	17	7.2890625
my	5	420	17	2.0078125
new	5	421	17	4.484375
look.	5	422	17	7.98046875
We	5	423	18	4.1875
finally	5	424	18	7.1015625
arrived	5	425	18	5.1796875
at	5	426	18	1.5390625
the	5	427	18	0.9140625
unassuming,	5	428	18	16.0
unembellished	5	429	18	32.75390625
barbershop,	5	430	18	19.9375
where	5	431	18	4.0
they	5	432	18	2.265625
cut	5	433	18	7.54296875
our	5	434	18	4.1640625
hair	5	435	18	3.28125
for	5	436	18	4.484375
free	5	437	18	6.70703125
because	5	438	18	7.58984375
we	5	439	18	2.34375
were	5	440	18	1.953125
orphans.	5	441	18	24.0390625
Even	5	442	19	5.484375
though	5	443	19	1.6484375
we	5	444	19	1.71875
were	5	445	19	1.265625
supposed	5	446	19	5.7109375
to	5	447	19	0.0390625
slowly	5	448	19	9.625
wait	5	449	19	5.9765625
to	5	450	19	2.53125
be	5	451	19	4.328125
called,	5	452	19	9.40234375
I	5	453	19	2.625
ran	5	454	19	6.2890625
straight	5	455	19	4.5546875
up	5	456	19	2.28125
to	5	457	19	2.9765625
one	5	458	19	4.5859375
of	5	459	19	1.3203125
the	5	460	19	0.5390625
barber	5	461	19	12.53125
chairs	5	462	19	4.79296875
and	5	463	19	1.65625
climbed	5	464	19	7.4375
up	5	465	19	2.8515625
onto	5	466	19	3.6640625
the	5	467	19	0.65625
board	5	468	19	5.8671875
the	5	469	19	5.8046875
barber	5	470	19	5.1640625
placed	5	471	19	8.8125
across	5	472	19	4.8203125
the	5	473	19	0.3125
arms	5	474	19	8.0625
to	5	475	19	4.765625
make	5	476	19	4.1171875
me	5	477	19	2.4296875
sit	5	478	19	5.6640625
up	5	479	19	3.296875
higher.	5	480	19	12.7578125
I	5	481	20	1.6015625
looked	5	482	20	3.828125
at	5	483	20	1.5
the	5	484	20	0.9609375
man	5	485	20	5.34375
and	5	486	20	2.9296875
said,	5	487	20	5.125
with	5	488	20	4.90625
a	5	489	20	1.4765625
beaming	5	490	20	10.734375
smile	5	491	20	3.3515625
on	5	492	20	2.828125
my	5	493	20	1.9765625
face,	5	494	20	2.359375
``I	5	495	20	16.4296875
want	5	496	20	4.515625
an	5	497	20	5.625
Elvis	5	498	20	7.32421875
haircut.	5	499	20	8.23828125
Can	5	500	21	6.96875
you	5	501	21	0.8046875
make	5	502	21	4.375
my	5	503	21	3.5234375
hair	5	504	21	4.4140625
like	5	505	21	4.40625
Elvis's?''	5	506	21	24.4140625
I	5	507	22	1.4609375
asked.	5	508	22	6.3046875
The	5	509	23	3.515625
barber,	5	510	23	10.45703125
who	5	511	23	2.7421875
was	5	512	23	1.640625
a	5	513	23	2.90625
genial	5	514	23	12.546875
young	5	515	23	7.57421875
man,	5	516	23	3.0390625
grinned	5	517	23	9.21875
back	5	518	23	4.390625
at	5	519	23	2.0625
me	5	520	23	0.953125
and	5	521	23	2.1953125
said	5	522	23	2.3359375
that	5	523	23	4.109375
he	5	524	23	1.8828125
would	5	525	23	3.125
try	5	526	23	5.7421875
his	5	527	23	4.296875
best.	5	528	23	6.7578125
I	5	529	24	1.921875
was	5	530	24	2.2421875
so	5	531	24	4.2578125
happy	5	532	24	2.65625
when	5	533	24	3.3125
he	5	534	24	1.3203125
started	5	535	24	4.1953125
to	5	536	24	2.0
cut	5	537	24	6.0859375
my	5	538	24	2.4765625
hair,	5	539	24	3.0859375
but	5	540	24	2.5390625
just	5	541	24	6.6875
as	5	542	24	2.515625
he	5	543	24	2.0546875
started	5	544	24	4.6484375
to	5	545	24	0.3203125
cut,	5	546	24	6.8125
the	5	547	24	3.078125
matron,	5	548	24	11.6875
who	5	549	24	4.515625
had	5	550	24	1.8203125
been	5	551	24	1.90625
watching	5	552	24	4.828125
me	5	553	24	2.5859375
and	5	554	24	2.8046875
had	5	555	24	3.671875
a	5	556	24	2.09375
look	5	557	24	4.796875
as	5	558	24	4.59375
cold	5	559	24	8.5234375
as	5	560	24	0.734375
ice,	5	561	24	9.6171875
motioned	5	562	24	12.65625
for	5	563	24	3.4609375
him	5	564	24	5.125
to	5	565	24	1.6953125
come	5	566	24	4.2890625
over	5	567	24	4.5234375
to	5	568	24	1.5390625
where	5	569	24	5.6953125
she	5	570	24	4.5390625
was	5	571	24	1.46875
standing.	5	572	24	5.8203125
She	5	573	25	3.1015625
whispered	5	574	25	6.96484375
something	5	575	25	3.3046875
into	5	576	25	5.58984375
his	5	577	25	2.7890625
ear	5	578	25	4.59375
that	5	579	25	4.34375
caused	5	580	25	7.2109375
the	5	581	25	2.3125
barber	5	582	25	6.8828125
to	5	583	25	1.96875
shake	5	584	25	5.734375
his	5	585	25	1.9453125
head,	5	586	25	2.734375
like	5	587	25	6.15234375
he	5	588	25	3.0390625
was	5	589	25	1.953125
telling	5	590	25	6.08984375
her,	5	591	25	5.3984375
``No''.	5	592	25	27.84765625
In	5	593	26	4.6015625
response,	5	594	26	6.7578125
the	5	595	26	2.515625
matron	5	596	26	5.7734375
walked	5	597	26	6.49609375
over	5	598	26	2.8515625
to	5	599	26	0.6875
a	5	600	26	3.3046875
little	5	601	26	4.9765625
man	5	602	26	5.58203125
sitting	5	603	26	6.15625
in	5	604	26	1.9140625
an	5	605	26	4.59375
office	5	606	26	5.13671875
chair	5	607	26	4.40625
that	5	608	26	5.265625
squeaked	5	609	26	12.7890625
as	5	610	26	4.5
it	5	611	26	3.234375
rolled	5	612	26	4.5703125
around	5	613	26	4.4296875
the	5	614	26	1.59375
floor	5	615	26	3.515625
and	5	616	26	2.28125
spoke	5	617	26	6.74609375
to	5	618	26	2.1171875
him.	5	619	26	2.640625
It	5	620	27	3.0078125
was	5	621	27	0.796875
the	5	622	27	2.2734375
little	5	623	27	4.734375
man	5	624	27	2.2734375
who	5	625	27	1.28125
then	5	626	27	6.8046875
walked	5	627	27	3.578125
over	5	628	27	1.875
and	5	629	27	2.6875
said	5	630	27	2.9375
something	5	631	27	4.0078125
to	5	632	27	2.6171875
the	5	633	27	2.8515625
man	5	634	27	3.375
who	5	635	27	1.4453125
was	5	636	27	2.4765625
cutting	5	637	27	7.91015625
my	5	638	27	3.8515625
hair.	5	639	27	3.4921875
The	5	640	28	2.7109375
next	5	641	28	5.640625
thing	5	642	28	3.1328125
I	5	643	28	1.578125
knew,	5	644	28	7.0625
the	5	645	28	3.078125
man	5	646	28	3.171875
who	5	647	28	0.9921875
was	5	648	28	1.90625
cutting	5	649	28	5.765625
my	5	650	28	0.90625
hair	5	651	28	0.421875
told	5	652	28	10.65625
me	5	653	28	0.4609375
that	5	654	28	2.2421875
he	5	655	28	1.65625
was	5	656	28	1.421875
no	5	657	28	5.7109375
longer	5	658	28	0.734375
allowed	5	659	28	6.32421875
to	5	660	28	0.703125
give	5	661	28	4.984375
me	5	662	28	1.1640625
an	5	663	28	3.5078125
Elvis	5	664	28	6.9609375
cut.	5	665	28	12.1015625
``Why	5	666	29	18.015625
not?''	5	667	29	6.4609375
I	5	668	29	0.328125
cried	5	669	29	4.9609375
desperately.	5	670	29	9.140625
The	5	671	30	3.40625
kindly	5	672	30	11.421875
barber	5	673	30	9.296875
stopped	5	674	30	6.125
by	5	675	30	4.109375
the	5	676	30	0.8359375
matron	5	677	30	7.17578125
did	5	678	30	9.421875
not	5	679	30	0.4375
answer,	5	680	30	8.91796875
but	5	681	30	1.15625
from	5	682	30	5.89453125
his	5	683	30	3.3984375
expression,	5	684	30	7.9140625
I	5	685	30	2.484375
could	5	686	30	4.1640625
tell	5	687	30	3.2578125
that	5	688	30	3.4921875
he	5	689	30	1.8046875
wished	5	690	30	6.4375
he	5	691	30	2.171875
could	5	692	30	1.75
cut	5	693	30	7.328125
it	5	694	30	2.5859375
as	5	695	30	5.0390625
I	5	696	30	2.6328125
had	5	697	30	2.609375
asked.	5	698	30	8.63671875
Within	5	699	31	8.09375
a	5	700	31	1.8984375
few	5	701	31	1.03125
minutes,	5	702	31	2.0859375
it	5	703	31	2.9921875
wasn't	5	704	31	3.6640625
an	5	705	31	4.7890625
Elvis	5	706	31	7.05859375
haircut,	5	707	31	6.46875
but	5	708	31	1.3203125
a	5	709	31	4.46875
short	5	710	31	6.09375
buzz	5	711	31	8.734375
cut	5	712	31	7.19140625
that	5	713	31	4.1796875
the	5	714	31	3.84375
barber	5	715	31	4.328125
had	5	716	31	2.7265625
given	5	717	31	5.703125
me.	5	718	31	4.125
When	5	719	32	3.6171875
he	5	720	32	2.0234375
finished	5	721	32	4.5703125
shaving	5	722	32	13.1953125
off	5	723	32	3.3515625
all	5	724	32	5.703125
my	5	725	32	3.046875
hair	5	726	32	1.3046875
and	5	727	32	2.328125
made	5	728	32	4.4453125
me	5	729	32	0.515625
smell	5	730	32	8.46875
real	5	731	32	8.5078125
good	5	732	32	5.91796875
with	5	733	32	4.5078125
his	5	734	32	2.6015625
powder,	5	735	32	8.9453125
the	5	736	32	2.7734375
barber	5	737	32	4.6875
handed	5	738	32	6.60546875
me	5	739	32	1.0078125
a	5	740	32	1.3359375
nickel	5	741	32	9.296875
and	5	742	32	2.671875
told	5	743	32	9.109375
me	5	744	32	0.4375
to	5	745	32	2.1015625
go	5	746	32	3.3046875
outside	5	747	32	6.0703125
to	5	748	32	2.140625
the	5	749	32	1.578125
snack	5	750	32	11.03125
machine	5	751	32	6.7578125
and	5	752	32	2.46875
buy	5	753	32	6.140625
myself	5	754	32	6.16796875
a	5	755	32	1.3515625
candy	5	756	32	7.23828125
bar.	5	757	32	7.921875
I	5	758	33	1.875
handed	5	759	33	6.96875
him	5	760	33	2.09375
the	5	761	33	2.375
nickel	5	762	33	8.6328125
back	5	763	33	5.4375
and	5	764	33	1.0625
told	5	765	33	6.1171875
him	5	766	33	0.8203125
that	5	767	33	1.53125
I	5	768	33	1.5625
was	5	769	33	2.15625
not	5	770	33	4.0703125
hungry.	5	771	33	7.17578125
``I'm	5	772	34	10.890625
so	5	773	34	3.9296875
sorry,	5	774	34	3.4296875
baby,''	5	775	34	14.0859375
he	5	776	34	0.5234375
said,	5	777	34	1.6328125
as	5	778	34	4.1875
I	5	779	34	1.7578125
climbed	5	780	34	5.6171875
out	5	781	34	3.5
of	5	782	34	1.2734375
his	5	783	34	2.984375
barber	5	784	34	8.5234375
chair.	5	785	34	6.484375
``I	5	786	35	4.7265625
am	5	787	35	5.2421875
not	5	788	35	3.5
a	5	789	35	2.3671875
baby,''	5	790	35	9.21484375
I	5	791	35	2.578125
said,	5	792	35	1.6171875
as	5	793	35	3.2734375
I	5	794	35	0.4453125
wiped	5	795	35	6.3203125
the	5	796	35	1.6953125
tears	5	797	35	8.21875
from	5	798	35	2.3359375
my	5	799	35	0.84375
eyes.	5	800	35	2.96875
I	5	801	36	2.921875
then	5	802	36	6.1171875
sat	5	803	36	4.0078125
down	5	804	36	1.1875
on	5	805	36	2.375
the	5	806	36	0.671875
floor	5	807	36	1.9140625
and	5	808	36	1.46875
brushed	5	809	36	7.1015625
away	5	810	36	4.6484375
the	5	811	36	1.3359375
hair	5	812	36	3.9375
that	5	813	36	4.09375
had	5	814	36	3.03125
accumulated	5	815	36	8.578125
on	5	816	36	3.53125
my	5	817	36	1.484375
shiny	5	818	36	9.1796875
new	5	819	36	5.640625
Buster	5	820	36	4.8671875
Brown	5	821	36	1.6640625
shoes.	5	822	36	2.2265625
My	5	823	37	5.171875
head	5	824	37	4.3671875
was	5	825	37	1.78125
no	5	826	37	5.62890625
longer	5	827	37	0.703125
in	5	828	37	3.2265625
the	5	829	37	1.15625
clouds,	5	830	37	8.64453125
and	5	831	37	1.3515625
I	5	832	37	1.2890625
got	5	833	37	4.2890625
up	5	834	37	4.1015625
off	5	835	37	5.6875
the	5	836	37	1.3046875
floor,	5	837	37	4.625
brushed	5	838	37	8.4375
off	5	839	37	1.90625
my	5	840	37	2.109375
short	5	841	37	9.109375
pants,	5	842	37	6.7421875
and	5	843	37	1.109375
walked	5	844	37	5.0625
sullenly	5	845	37	14.296875
towards	5	846	37	5.8984375
the	5	847	37	0.53125
door.	5	848	37	4.5703125
The	5	849	38	2.609375
matron	5	850	38	7.01171875
was	5	851	38	2.90625
smiling	5	852	38	6.44921875
at	5	853	38	2.8515625
me	5	854	38	0.8046875
sort	5	855	38	12.1953125
of	5	856	38	0.5546875
funny	5	857	38	8.375
like.	5	858	38	13.71875
The	5	859	39	2.6171875
barber	5	860	39	4.7109375
upset	5	861	39	11.890625
by	5	862	39	5.62109375
the	5	863	39	0.6015625
matron	5	864	39	4.5078125
said	5	865	39	6.703125
to	5	866	39	3.90625
her,	5	867	39	5.6796875
``You	5	868	39	11.6015625
are	5	869	39	3.6171875
just	5	870	39	4.0234375
a	5	871	39	2.21875
damn	5	872	39	7.921875
bitch,	5	873	39	7.9375
lady.''	5	874	39	12.12109375
She	5	875	40	4.26171875
yelled	5	876	40	7.38671875
back	5	877	40	3.3515625
at	5	878	40	1.28125
him	5	879	40	2.7421875
at	5	880	40	5.65625
the	5	881	40	1.1796875
top	5	882	40	4.65625
of	5	883	40	0.546875
her	5	884	40	2.421875
lungs,	5	885	40	10.1796875
before	5	886	40	7.5625
walking	5	887	40	5.66796875
toward	5	888	40	4.2109375
the	5	889	40	0.46875
office,	5	890	40	10.0546875
as	5	891	40	4.6796875
fast	5	892	40	8.21875
as	5	893	40	0.15625
she	5	894	40	2.1015625
could.	5	895	40	5.7734375
To	5	896	41	6.3125
show	5	897	41	6.90625
his	5	898	41	4.3671875
anger,	5	899	41	6.81640625
the	5	900	41	2.265625
man	5	901	41	2.7265625
hit	5	902	41	7.98828125
the	5	903	41	2.125
wall	5	904	41	4.296875
with	5	905	41	2.4921875
his	5	906	41	1.8828125
hand	5	907	41	3.2578125
and	5	908	41	1.765625
then	5	909	41	3.8984375
walked	5	910	41	4.1328125
outside	5	911	41	6.0390625
where	5	912	41	6.83984375
he	5	913	41	1.3359375
stood	5	914	41	3.8125
against	5	915	41	6.76171875
the	5	916	41	0.3828125
brick	5	917	41	6.9375
wall,	5	918	41	2.546875
smoking	5	919	41	10.4765625
a	5	920	41	2.2265625
cigarette.	5	921	41	5.28125
I	5	922	42	4.2265625
understood	5	923	42	8.203125
right	5	924	42	9.28125
there	5	925	42	3.2265625
my	5	926	42	7.82421875
haircut	5	927	42	9.328125
was	5	928	42	4.03125
something	5	929	42	5.8515625
that	5	930	42	1.9609375
had	5	931	42	2.640625
been	5	932	42	1.2734375
out	5	933	42	5.59375
of	5	934	42	0.4453125
the	5	935	42	1.140625
power	5	936	42	8.28125
of	5	937	42	1.9140625
the	5	938	42	1.1796875
barber	5	939	42	3.953125
and	5	940	42	3.2265625
then	5	941	42	4.828125
I	5	942	42	2.9296875
slowly	5	943	42	8.09375
walked	5	944	42	3.9921875
outside	5	945	42	4.7890625
to	5	946	42	1.921875
join	5	947	42	8.03125
the	5	948	42	0.9296875
man.	5	949	42	6.609375
He	5	950	43	3.4921875
looked	5	951	43	2.640625
down,	5	952	43	5.484375
smiled	5	953	43	6.59375
at	5	954	43	2.3203125
me,	5	955	43	1.78125
then	5	956	43	4.078125
he	5	957	43	5.3046875
patted	5	958	43	6.9296875
me	5	959	43	1.546875
on	5	960	43	3.2109375
the	5	961	43	0.5859375
top	5	962	43	5.0625
of	5	963	43	0.4765625
my	5	964	43	1.078125
bald	5	965	43	9.6875
as	5	966	43	7.921875
a	5	967	43	4.078125
coot	5	968	43	12.74609375
head.	5	969	43	8.0
It	5	970	44	3.6328125
was	5	971	44	0.8671875
a	5	972	44	1.734375
fact	5	973	44	7.8984375
of	5	974	44	2.5234375
my	5	975	44	3.4296875
life	5	976	44	4.5703125
that	5	977	44	2.5
I	5	978	44	0.8984375
was	5	979	44	2.3203125
not	5	980	44	3.9140625
gonna	5	981	44	7.08984375
have	5	982	44	2.609375
hair	5	983	44	7.734375
that	5	984	44	4.375
was	5	985	44	4.6015625
anything	5	986	44	6.4765625
like	5	987	44	3.390625
Elvis's	5	988	44	12.40625
anytime	5	989	44	13.375
soon.	5	990	44	3.1953125
I	5	991	45	2.0625
then	5	992	45	5.9765625
looked	5	993	45	3.140625
up	5	994	45	1.6796875
at	5	995	45	1.0859375
the	5	996	45	1.5703125
barber	5	997	45	4.0078125
with	5	998	45	5.42578125
my	5	999	45	2.1484375
wet	5	1000	45	7.41015625
red	5	1001	45	6.34375
eyes	5	1002	45	2.9765625
and	5	1003	45	1.09375
asked,	5	1004	45	10.6328125
``Do	5	1005	45	15.40625
you	5	1006	45	0.4765625
know	5	1007	45	1.7734375
if	5	1008	45	4.296875
Elvis	5	1009	45	11.609375
Presley	5	1010	45	7.6875
has	5	1011	45	3.9375
green	5	1012	45	8.2421875
bones?''	5	1013	45	11.0859375
This	6	1	1	11.921875
is	6	2	1	2.3203125
a	6	3	1	2.3671875
story	6	4	1	7.45703125
of	6	5	1	1.9140625
how	6	6	1	4.6171875
Mr.	6	7	1	8.765625
Sticky	6	8	1	12.6640625
got	6	9	1	5.73828125
in	6	10	1	3.5625
Abby's	6	11	1	16.5625
fish	6	12	1	10.9140625
tank.	6	13	1	10.11328125
``He's	6	14	2	18.21875
very	6	15	2	5.15234375
small,''	6	16	2	10.99609375
Abby's	6	17	2	15.6015625
mom	6	18	2	6.67578125
said	6	19	2	0.6640625
as	6	20	2	4.1875
she	6	21	2	2.7890625
peered	6	22	2	8.71875
at	6	23	2	1.7578125
the	6	24	2	0.765625
tiny	6	25	2	7.01171875
water	6	26	2	6.2421875
snail.	6	27	2	13.953125
Abby	6	28	3	11.8125
said	6	29	3	3.375
that	6	30	3	2.625
he	6	31	3	2.6796875
would	6	32	3	4.0703125
grow	6	33	3	7.54296875
and	6	34	3	3.9765625
then	6	35	3	4.015625
pulled	6	36	3	6.7734375
her	6	37	3	3.5625
pajama	6	38	3	20.30859375
bottoms	6	39	3	12.125
up	6	40	3	3.578125
again	6	41	3	4.8046875
before	6	42	3	4.640625
she	6	43	3	2.171875
got	6	44	3	3.21875
into	6	45	3	3.6640625
bed,	6	46	3	7.25390625
for	6	47	3	6.33203125
they	6	48	3	5.078125
were	6	49	3	2.9609375
always	6	50	3	5.5078125
falling	6	51	3	7.57421875
down.	6	52	3	5.3125
Usually,	6	53	4	9.7578125
Abby's	6	54	4	10.7578125
mom	6	55	4	3.15625
got	6	56	4	4.4140625
up	6	57	4	3.75
at	6	58	4	3.2265625
the	6	59	4	1.0078125
crack	6	60	4	8.015625
of	6	61	4	2.1015625
dawn,	6	62	4	9.7578125
but	6	63	4	2.390625
it	6	64	4	2.3984375
was	6	65	4	1.4296875
Abby	6	66	4	11.796875
who	6	67	4	4.0546875
jumped	6	68	4	7.25390625
out	6	69	4	3.3828125
of	6	70	4	1.1796875
bed	6	71	4	4.0625
first	6	72	4	9.3515625
the	6	73	4	6.79296875
next	6	74	4	3.8359375
morning	6	75	4	1.2578125
and	6	76	4	2.296875
switched	6	77	4	8.3125
on	6	78	4	2.90625
the	6	79	4	1.546875
light	6	80	4	7.4375
in	6	81	4	4.2109375
her	6	82	4	2.9296875
fish	6	83	4	8.8125
tank,	6	84	4	2.625
which	6	85	4	3.2109375
contained	6	86	4	6.484375
three	6	87	4	4.7890625
fish.	6	88	4	9.98828125
At	6	89	5	5.21484375
first,	6	90	5	3.6640625
she	6	91	5	2.015625
could	6	92	5	5.65625
see	6	93	5	2.546875
neither	6	94	5	8.671875
hide	6	95	5	9.5625
nor	6	96	5	2.515625
hair	6	97	5	7.140625
of	6	98	5	4.421875
the	6	99	5	1.921875
snail,	6	100	5	8.83203125
but	6	101	5	1.0234375
then	6	102	5	4.46875
she	6	103	5	1.109375
spotted	6	104	5	6.75
him.	6	105	5	5.84375
It	6	106	6	4.1171875
had	6	107	6	2.921875
taken	6	108	6	5.546875
Abby	6	109	6	8.734375
a	6	110	6	3.65625
while	6	111	6	4.0234375
to	6	112	6	3.0859375
find	6	113	6	3.3515625
Sticky	6	114	6	8.4765625
because	6	115	6	7.4375
he	6	116	6	2.0859375
was	6	117	6	2.109375
clinging	6	118	6	9.265625
to	6	119	6	0.4609375
the	6	120	6	1.140625
glass	6	121	6	5.09375
near	6	122	6	8.3984375
the	6	123	6	0.609375
bottom,	6	124	6	6.5625
right	6	125	6	7.29296875
next	6	126	6	4.7578125
to	6	127	6	0.328125
the	6	128	6	1.390625
gravel.	6	129	6	10.2890625
At	6	130	7	4.2421875
school	6	131	7	10.421875
that	6	132	7	5.265625
day,	6	133	7	1.984375
Abby,	6	134	7	7.8984375
encouraged	6	135	7	10.8359375
by	6	136	7	4.984375
her	6	137	7	4.0546875
teacher,	6	138	7	9.5703125
wrote	6	139	7	6.82421875
excitedly	6	140	7	13.390625
about	6	141	7	4.1484375
the	6	142	7	1.3203125
small	6	143	7	5.8359375
and	6	144	7	3.921875
mysterious	6	145	7	6.37890625
Mr.	6	146	7	9.3828125
Sticky,	6	147	7	3.0625
who	6	148	7	2.453125
you	6	149	7	9.15625
could	6	150	7	3.625
mistake	6	151	7	12.828125
for	6	152	7	5.3359375
a	6	153	7	2.8515625
piece	6	154	7	6.68359375
of	6	155	7	0.1953125
gravel.	6	156	7	8.95703125
He	6	157	8	3.84375
seemed	6	158	8	5.25
an	6	159	8	5.8828125
ideal	6	160	8	6.9140625
pet	6	161	8	9.078125
for	6	162	8	3.0859375
her,	6	163	8	5.25
some	6	164	8	7.796875
of	6	165	8	2.5234375
the	6	166	8	0.703125
girls	6	167	8	4.875
in	6	168	8	3.546875
her	6	169	8	2.9921875
class	6	170	8	7.8359375
teased,	6	171	8	14.46875
because	6	172	8	5.3203125
Abby	6	173	8	5.98828125
was	6	174	8	1.84375
also	6	175	8	5.2578125
very	6	176	8	4.390625
small.	6	177	8	5.4921875
That	6	178	9	4.6484375
evening,	6	179	9	4.78125
Abby	6	180	9	3.484375
turned	6	181	9	4.7109375
on	6	182	9	3.3828125
the	6	183	9	1.7890625
light	6	184	9	5.15625
and	6	185	9	2.390625
found	6	186	9	5.0390625
Mr.	6	187	9	7.3515625
Sticky	6	188	9	0.1796875
clinging	6	189	9	11.6875
to	6	190	9	0.1328125
the	6	191	9	0.734375
pond	6	192	9	8.6953125
weed	6	193	9	14.4765625
and	6	194	9	2.3359375
bobbing	6	195	9	9.7578125
about	6	196	9	6.078125
in	6	197	9	4.9296875
the	6	198	9	0.9375
air	6	199	9	4.46875
bubbles.	6	200	9	9.546875
``That	6	201	10	12.40234375
looks	6	202	10	6.51171875
fun!''	6	203	10	16.0078125
Abby	6	204	10	12.109375
exclaimed.	6	205	10	10.71875
She	6	206	11	4.3046875
tried	6	207	11	5.2421875
to	6	208	11	0.7109375
imagine	6	209	11	6.515625
what	6	210	11	3.015625
it	6	211	11	3.75
must	6	212	11	6.25
be	6	213	11	1.984375
like	6	214	11	3.2265625
to	6	215	11	2.4765625
have	6	216	11	3.40625
to	6	217	11	3.5078125
hang	6	218	11	6.484375
on	6	219	11	2.03125
to	6	220	11	4.1328125
things	6	221	11	8.5390625
all	6	222	11	5.87109375
day	6	223	11	2.84375
and	6	224	11	2.7109375
decided	6	225	11	8.90625
the	6	226	11	4.75
answer	6	227	11	7.4765625
was	6	228	11	2.21875
that	6	229	11	3.8671875
it	6	230	11	2.78125
was	6	231	11	0.9609375
probably	6	232	11	6.328125
very	6	233	11	4.71875
tiring.	6	234	11	13.1953125
Abby	6	235	12	7.10546875
told	6	236	12	4.6875
her	6	237	12	1.2890625
mom	6	238	12	8.21875
that	6	239	12	1.2734375
she	6	240	12	1.328125
thought	6	241	12	4.7265625
Sticky	6	242	12	8.984375
had	6	243	12	1.5703125
grown	6	244	12	5.8125
a	6	245	12	4.296875
bit	6	246	12	2.234375
the	6	247	12	7.5390625
next	6	248	12	5.140625
day	6	249	12	1.7890625
at	6	250	12	4.53125
breakfast.	6	251	12	8.71484375
``Just	6	252	13	11.4453125
as	6	253	13	3.3359375
well	6	254	13	2.703125
if	6	255	13	6.734375
he's	6	256	13	7.6484375
going	6	257	13	3.390625
to	6	258	13	0.4609375
be	6	259	13	2.8046875
gobbled	6	260	13	16.33984375
up	6	261	13	3.7421875
like	6	262	13	5.94921875
that,''	6	263	13	8.50390625
her	6	264	13	7.0
mom	6	265	13	2.8359375
responded	6	266	13	7.98828125
who	6	267	13	9.2109375
was	6	268	13	2.75
busy	6	269	13	6.64453125
preparing	6	270	13	5.3125
breakfast.	6	271	13	8.75
Abby	6	272	14	9.03125
whined	6	273	14	12.6640625
that	6	274	14	3.640625
she	6	275	14	1.9765625
didn't	6	276	14	3.71875
want	6	277	14	2.140625
him	6	278	14	4.5
to	6	279	14	0.4921875
get	6	280	14	3.5546875
too	6	281	14	5.15625
big	6	282	14	4.1875
or	6	283	14	5.21484375
he	6	284	14	4.8203125
wouldn't	6	285	14	3.828125
be	6	286	14	3.59375
cute	6	287	14	9.640625
anymore.	6	288	14	5.46875
``Small	6	289	15	16.30078125
things,	6	290	15	7.29296875
not	6	291	15	4.96875
big	6	292	15	5.09375
things,	6	293	15	4.515625
are	6	294	15	3.8515625
cute,	6	295	15	8.6328125
right?''	6	296	15	14.2421875
she	6	297	15	4.05859375
asked,	6	298	15	5.6171875
half	6	299	15	7.92578125
to	6	300	15	3.5703125
herself.	6	301	15	8.390625
The	6	302	16	3.7109375
next	6	303	16	4.7734375
day	6	304	16	1.25
in	6	305	16	4.6640625
art	6	306	16	12.328125
class,	6	307	16	9.41015625
Abby	6	308	16	3.53125
needed	6	309	16	9.140625
two	6	310	16	5.296875
pieces	6	311	16	7.609375
of	6	312	16	0.5625
paper	6	313	16	2.8671875
that	6	314	16	3.3671875
were	6	315	16	3.0703125
very	6	316	16	4.3828125
expensive,	6	317	16	6.3359375
to	6	318	16	6.11328125
draw	6	319	16	6.921875
an	6	320	16	5.09375
elephant,	6	321	16	9.9296875
but	6	322	16	2.4296875
the	6	323	16	2.8984375
teacher	6	324	16	7.984375
didn't	6	325	16	3.2421875
mind	6	326	16	5.8828125
Abby	6	327	16	13.75
using	6	328	16	7.3671875
the	6	329	16	1.859375
expensive	6	330	16	9.5859375
paper	6	331	16	4.4921875
because	6	332	16	4.7421875
she	6	333	16	1.6875
was	6	334	16	2.203125
pleased	6	335	16	7.5390625
with	6	336	16	1.0234375
the	6	337	16	1.5703125
drawing	6	338	16	7.59375
and	6	339	16	2.859375
wanted	6	340	16	6.48046875
it	6	341	16	2.9921875
on	6	342	16	5.7578125
the	6	343	16	1.046875
wall.	6	344	16	6.390625
The	6	345	17	2.578125
teacher,	6	346	17	9.25
who	6	347	17	2.0859375
was	6	348	17	2.390625
always	6	349	17	5.0390625
very	6	350	17	5.15625
encouraging,	6	351	17	9.33203125
remarked	6	352	17	9.1875
that	6	353	17	0.9765625
the	6	354	17	2.203125
drawing	6	355	17	7.54296875
Abby	6	356	17	13.953125
had	6	357	17	1.8359375
made	6	358	17	3.4609375
was	6	359	17	7.71484375
very	6	360	17	3.2109375
creative	6	361	17	7.140625
and	6	362	17	1.7265625
beamed	6	363	17	12.7734375
at	6	364	17	2.9296875
Abby,	6	365	17	11.765625
giving	6	366	17	6.79296875
her	6	367	17	1.796875
the	6	368	17	1.6953125
seal	6	369	17	8.53125
of	6	370	17	1.2265625
approval.	6	371	17	9.71875
Back	6	372	18	8.921875
at	6	373	18	3.15625
home,	6	374	18	4.5390625
Mom,	6	375	18	12.03515625
convinced	6	376	18	10.328125
by	6	377	18	6.796875
Abby	6	378	18	5.203125
to	6	379	18	2.3671875
clean	6	380	18	7.7421875
out	6	381	18	4.03125
the	6	382	18	0.8125
tank,	6	383	18	11.0625
was	6	384	18	4.125
cleaning	6	385	18	8.375
with	6	386	18	4.171875
a	6	387	18	1.9765625
special	6	388	18	6.953125
vacuum,	6	389	18	9.80859375
or	6	390	18	5.93359375
``hoover''.	6	391	18	45.6171875
``Where's	6	392	19	15.47265625
Mr.	6	393	19	7.44140625
Sticky?''	6	394	19	5.5390625
Abby	6	395	19	9.6640625
asked	6	396	19	3.40625
first	6	397	19	8.7734375
thing	6	398	19	7.2890625
when	6	399	19	4.203125
she	6	400	19	1.7734375
came	6	401	19	4.3359375
home	6	402	19	2.4921875
from	6	403	19	2.265625
school.	6	404	19	5.984375
``On	6	405	20	8.40625
the	6	406	20	0.7109375
side,''	6	407	20	13.1875
Mom	6	408	20	7.5078125
replied.	6	409	20	4.7109375
And	6	410	21	6.8203125
then	6	411	21	2.671875
she	6	412	21	1.234375
added,	6	413	21	6.7890625
``Don't	6	414	21	13.07421875
worry.	6	415	21	4.984375
I	6	416	22	4.0859375
went	6	417	22	5.6640625
extra	6	418	22	9.8984375
slowly	6	419	22	7.26171875
since	6	420	22	6.01171875
it's	6	421	22	5.9140625
better	6	422	22	7.8671875
to	6	423	22	3.234375
be	6	424	22	2.625
safe	6	425	22	5.59375
than	6	426	22	3.734375
sorry.''	6	427	22	12.625
Abby	6	428	23	7.62890625
looked	6	429	23	4.28125
on	6	430	23	4.71875
all	6	431	23	6.21484375
sides	6	432	23	5.7265625
of	6	433	23	1.28125
the	6	434	23	0.5859375
tank,	6	435	23	6.703125
but	6	436	23	1.2890625
there	6	437	23	3.875
was	6	438	23	0.609375
no	6	439	23	1.1328125
sign	6	440	23	4.75
of	6	441	23	1.15625
the	6	442	23	1.7734375
water	6	443	23	4.375
snail	6	444	23	6.78125
that	6	445	23	3.6171875
she	6	446	23	2.640625
had	6	447	23	2.1015625
discovered	6	448	23	5.65625
a	6	449	23	3.3046875
couple	6	450	23	3.640625
of	6	451	23	0.25
days	6	452	23	3.0859375
ago.	6	453	23	1.7109375
She	6	454	24	2.7890625
was	6	455	24	2.7734375
very	6	456	24	3.6796875
sad.	6	457	24	6.921875
Her	6	458	25	3.796875
mom	6	459	25	4.765625
said	6	460	25	2.7734375
to	6	461	25	4.8359375
wait	6	462	25	7.1328125
a	6	463	25	2.859375
few	6	464	25	1.640625
hours	6	465	25	2.4453125
until	6	466	25	4.6328125
the	6	467	25	2.40625
water	6	468	25	4.234375
clears	6	469	25	10.875
to	6	470	25	3.4609375
take	6	471	25	4.609375
another	6	472	25	5.84765625
careful	6	473	25	11.3828125
look.	6	474	25	3.7890625
That	6	475	26	5.6328125
evening,	6	476	26	4.6875
Abby	6	477	26	6.3671875
went	6	478	26	4.2421875
up	6	479	26	3.7578125
to	6	480	26	2.140625
her	6	481	26	2.0703125
bedroom	6	482	26	5.7734375
to	6	483	26	3.53125
check	6	484	26	5.375
the	6	485	26	1.6171875
tank	6	486	26	6.4765625
again.	6	487	26	4.7890625
The	6	488	27	2.7421875
water	6	489	27	3.7890625
had	6	490	27	4.25
settled	6	491	27	7.00390625
and	6	492	27	3.7265625
looked	6	493	27	4.7734375
clear,	6	494	27	9.984375
but	6	495	27	1.4296875
Abby	6	496	27	4.90625
could	6	497	27	4.96875
not	6	498	27	1.9375
see	6	499	27	1.921875
Mr.	6	500	27	7.91796875
Sticky.	6	501	27	2.5390625
Abby	6	502	28	8.2109375
kneeled	6	503	28	11.7890625
down	6	504	28	2.703125
to	6	505	28	3.453125
have	6	506	28	7.87890625
another	6	507	28	5.0625
look	6	508	28	3.6875
in	6	509	28	4.140625
the	6	510	28	0.78125
tank	6	511	28	2.9609375
that	6	512	28	4.3984375
her	6	513	28	4.6796875
mom	6	514	28	4.578125
had	6	515	28	1.9375
cleared	6	516	28	7.25
so	6	517	28	7.18359375
thoroughly,	6	518	28	9.62109375
but	6	519	28	2.03125
Mr.	6	520	28	6.5390625
Sticky	6	521	28	0.1328125
was	6	522	28	2.4296875
still	6	523	28	3.234375
nowhere	6	524	28	7.59375
to	6	525	28	0.9609375
be	6	526	28	1.4453125
found.	6	527	28	4.390625
Abby	6	528	29	7.33203125
was	6	529	29	2.6875
a	6	530	29	2.7265625
bundle	6	531	29	9.8125
of	6	532	29	0.1953125
nerves	6	533	29	8.78125
as	6	534	29	5.140625
she	6	535	29	1.5
descended	6	536	29	7.04296875
the	6	537	29	2.5234375
stairs.	6	538	29	6.453125
In	6	539	30	4.03125
the	6	540	30	1.1953125
study,	6	541	30	9.546875
surrounded	6	542	30	10.015625
by	6	543	30	0.4375
books	6	544	30	9.796875
and	6	545	30	1.796875
papers,	6	546	30	5.4375
her	6	547	30	4.3828125
mom	6	548	30	2.9296875
was	6	549	30	2.9921875
working	6	550	30	5.21875
and	6	551	30	4.265625
she	6	552	30	2.5234375
looked	6	553	30	4.125
impatient	6	554	30	7.78125
when	6	555	30	6.2734375
she	6	556	30	0.8515625
saw	6	557	30	2.546875
Abby	6	558	30	7.515625
in	6	559	30	4.3671875
the	6	560	30	1.21875
doorway	6	561	30	5.75
and	6	562	30	2.65625
even	6	563	30	7.06640625
more	6	564	30	4.3203125
worried	6	565	30	7.49609375
when	6	566	30	4.828125
she	6	567	30	0.8203125
heard	6	568	30	2.890625
the	6	569	30	2.34375
bad	6	570	30	9.515625
news.	6	571	30	2.0390625
``He'll	6	572	31	13.9140625
turn	6	573	31	6.296875
up,''	6	574	31	8.88671875
Mom	6	575	31	5.44921875
said,	6	576	31	2.2578125
and	6	577	31	2.6875
that	6	578	31	5.8046875
was	6	579	31	3.4375
that.	6	580	31	9.62890625
Then,	6	581	32	6.7734375
to	6	582	32	5.76171875
add	6	583	32	6.7109375
fuel	6	584	32	12.1796875
to	6	585	32	1.1171875
the	6	586	32	0.859375
flames,	6	587	32	10.203125
she	6	588	32	1.9296875
raised	6	589	32	7.125
her	6	590	32	1.25
tone	6	591	32	9.2265625
of	6	592	32	3.21875
voice	6	593	32	3.9921875
and	6	594	32	1.3359375
said	6	595	32	2.40625
dismissively,	6	596	32	18.4453125
``For	6	597	32	14.1015625
the	6	598	32	1.1953125
time	6	599	32	4.2421875
being,	6	600	32	8.9921875
go	6	601	32	8.015625
to	6	602	32	5.03125
bed,	6	603	32	5.46875
Abby.	6	604	32	13.859375
I've	6	605	32	7.34375
got	6	606	32	2.2578125
masses	6	607	32	14.4140625
of	6	608	32	1.046875
work	6	609	32	5.7890625
to	6	610	32	4.4609375
catch	6	611	32	5.7890625
up	6	612	32	1.8671875
on.''	6	613	32	12.28125
Abby	6	614	33	2.734375
had	6	615	33	3.84375
a	6	616	33	3.3203125
quick	6	617	33	5.21875
temper	6	618	33	8.75
and	6	619	33	2.125
she	6	620	33	4.0703125
was	6	621	33	2.890625
angry	6	622	33	6.71484375
as	6	623	33	3.8359375
hell.	6	624	33	9.9453125
``You've	6	625	34	12.421875
hoovered	6	626	34	19.578125
him	6	627	34	5.61328125
up,	6	628	34	6.7578125
haven't	6	629	34	7.21484375
you?''	6	630	34	4.3359375
she	6	631	34	3.6015625
said	6	632	34	0.75
accusingly.	6	633	34	15.6953125
Abby's	6	634	35	12.2421875
mom	6	635	35	3.2265625
denied	6	636	35	10.28125
Abby's	6	637	35	10.15625
version	6	638	35	7.42578125
of	6	639	35	0.203125
the	6	640	35	1.046875
story	6	641	35	3.9453125
was	6	642	35	7.42578125
true	6	643	35	6.05859375
and	6	644	35	2.984375
said	6	645	35	5.65625
that	6	646	35	1.765625
she	6	647	35	1.8046875
was	6	648	35	1.9609375
careful,	6	649	35	10.0625
but	6	650	35	1.640625
because	6	651	35	5.56640625
Mr.	6	652	35	7.54296875
Sticky	6	653	35	0.1953125
was	6	654	35	1.84375
so	6	655	35	4.015625
small	6	656	35	6.65625
he	6	657	35	4.1875
was	6	658	35	2.5
hard	6	659	35	5.96875
to	6	660	35	1.4921875
see.	6	661	35	6.078125
``What's	6	662	36	13.1640625
wrong	6	663	36	3.328125
with	6	664	36	0.9375
being	6	665	36	6.265625
small?''	6	666	36	10.8515625
``Nothing	6	667	37	16.828125
at	6	668	37	5.70703125
all,	6	669	37	3.7734375
but	6	670	37	2.03125
it	6	671	37	2.4375
makes	6	672	37	5.7734375
things	6	673	37	4.921875
hard	6	674	37	3.828125
to	6	675	37	1.375
find.''	6	676	37	9.953125
``Or	6	677	38	17.3046875
notice,''	6	678	38	16.953125
Abby	6	679	38	6.41015625
said,	6	680	38	1.78125
suddenly	6	681	38	8.390625
feeling	6	682	38	6.36328125
like	6	683	38	3.46875
the	6	684	38	2.875
small,	6	685	38	9.2578125
overlooked	6	686	38	11.3515625
Mr.	6	687	38	5.890625
Sticky	6	688	38	0.1484375
herself	6	689	38	8.4921875
and	6	690	38	3.328125
storming	6	691	38	13.0859375
from	6	692	38	5.125
the	6	693	38	1.234375
room.	6	694	38	5.859375
The	6	695	39	3.2890625
door	6	696	39	4.84375
to	6	697	39	4.328125
the	6	698	39	1.1875
bedroom	6	699	39	5.09375
opened	6	700	39	4.328125
a	6	701	39	3.6953125
few	6	702	39	4.1328125
minutes	6	703	39	1.84375
later	6	704	39	1.2734375
and	6	705	39	3.3203125
Mom's	6	706	39	12.65625
face	6	707	39	4.8515625
appeared.	6	708	39	7.5390625
She	6	709	40	3.390625
was	6	710	40	2.71875
there	6	711	40	6.15625
to	6	712	40	2.8515625
try	6	713	40	5.1953125
to	6	714	40	1.6015625
make	6	715	40	3.3515625
up	6	716	40	4.1171875
for	6	717	40	4.890625
having	6	718	40	8.90625
been	6	719	40	4.3515625
insensitive	6	720	40	12.9375
earlier.	6	721	40	8.98046875
She	6	722	41	2.84375
had	6	723	41	2.4765625
put	6	724	41	6.6796875
her	6	725	41	1.3984375
work	6	726	41	8.546875
on	6	727	41	1.15625
the	6	728	41	1.0234375
back	6	729	41	3.8203125
burner	6	730	41	5.87109375
and	6	731	41	1.34375
occupied	6	732	41	10.1796875
herself	6	733	41	4.375
with	6	734	41	1.6328125
Sticky.	6	735	41	10.3203125
Abby,	6	736	42	9.453125
who	6	737	42	2.2890625
was	6	738	42	1.8203125
breathing	6	739	42	7.5703125
fire	6	740	42	8.0625
all	6	741	42	5.89453125
on	6	742	42	6.58984375
account	6	743	42	9.890625
of	6	744	42	1.328125
the	6	745	42	1.1171875
little	6	746	42	5.9921875
snail,	6	747	42	8.4765625
tried	6	748	42	6.1640625
to	6	749	42	0.3828125
ignore	6	750	42	7.0078125
her,	6	751	42	3.4921875
but	6	752	42	1.3125
it	6	753	42	2.5
was	6	754	42	1.25
hard	6	755	42	3.6953125
when	6	756	42	5.4296875
Mom	6	757	42	7.05859375
walked	6	758	42	4.8359375
over	6	759	42	3.0234375
to	6	760	42	1.265625
the	6	761	42	1.1953125
bed	6	762	42	3.453125
and	6	763	42	1.78125
sat	6	764	42	4.109375
next	6	765	42	4.640625
to	6	766	42	0.0703125
her.	6	767	42	2.09375
Mom,	6	768	43	12.78125
who	6	769	43	3.3828125
Abby	6	770	43	13.203125
still	6	771	43	7.296875
strained	6	772	43	10.640625
to	6	773	43	2.90625
remain	6	774	43	7.41015625
upset	6	775	43	8.265625
with,	6	776	43	8.21875
had	6	777	43	3.09375
gone	6	778	43	4.125
out	6	779	43	3.5078125
to	6	780	43	2.3359375
find	6	781	43	3.90625
her	6	782	43	1.46875
glasses	6	783	43	9.4765625
in	6	784	43	3.4140625
order	6	785	43	4.1796875
to	6	786	43	0.1875
search	6	787	43	7.08984375
for	6	788	43	1.6328125
Sticky	6	789	43	8.46875
more	6	790	43	8.640625
effectively.	6	791	43	10.3203125
``This	6	792	44	8.8046875
is	6	793	44	1.4921875
my	6	794	44	3.6328125
new	6	795	44	4.875
and	6	796	44	5.12109375
extra	6	797	44	9.828125
powerful	6	798	44	8.609375
pair	6	799	44	8.125
I	6	800	44	5.79296875
have	6	801	44	3.015625
for	6	802	44	5.33984375
important	6	803	44	11.671875
occasions	6	804	44	6.98828125
like	6	805	44	5.8359375
snail	6	806	44	9.265625
hunting,''	6	807	44	15.22265625
she	6	808	44	1.8515625
said.	6	809	44	0.5859375
She	6	810	45	3.703125
smiled	6	811	45	4.0078125
at	6	812	45	1.6171875
Abby,	6	813	45	7.46484375
trying	6	814	45	5.109375
to	6	815	45	0.078125
butter	6	816	45	13.2421875
her	6	817	45	3.1953125
up,	6	818	45	6.5
but	6	819	45	2.3515625
Abby	6	820	45	7.69921875
didn't	6	821	45	3.359375
smile	6	822	45	6.92578125
back.	6	823	45	8.07421875
Abby	6	824	46	8.921875
believed	6	825	46	8.046875
her	6	826	46	2.2421875
mom's	6	827	46	8.51171875
idea	6	828	46	6.3359375
would	6	829	46	3.859375
not	6	830	46	3.1796875
succeed,	6	831	46	11.421875
but	6	832	46	0.8359375
then	6	833	46	5.4375
she	6	834	46	0.65625
had	6	835	46	3.34375
an	6	836	46	5.34375
idea	6	837	46	2.859375
of	6	838	46	0.9921875
her	6	839	46	3.609375
own.	6	840	46	6.0625
``I've	6	841	47	9.328125
got	6	842	47	1.453125
a	6	843	47	1.6015625
magnifying	6	844	47	14.3359375
glass,''	6	845	47	9.91015625
Abby	6	846	47	3.921875
suddenly	6	847	47	9.609375
remembered	6	848	47	4.953125
and	6	849	47	4.390625
rushed	6	850	47	7.23828125
off	6	851	47	4.5234375
to	6	852	47	1.6640625
find	6	853	47	4.390625
it.	6	854	47	5.5859375
On	6	855	48	6.69140625
the	6	856	48	0.65625
floor	6	857	48	4.21875
beside	6	858	48	5.2265625
each	6	859	48	6.3359375
other	6	860	48	1.421875
they	6	861	48	7.73828125
sat,	6	862	48	9.453125
shuffling	6	863	48	9.953125
around	6	864	48	3.3203125
the	6	865	48	1.2265625
tank,	6	866	48	8.5625
looking	6	867	48	4.8828125
all	6	868	48	6.46875
over	6	869	48	2.640625
the	6	870	48	0.8671875
place	6	871	48	7.2890625
and	6	872	48	2.296875
peering	6	873	48	11.609375
into	6	874	48	3.3046875
the	6	875	48	0.4765625
corners	6	876	48	8.421875
among	6	877	48	9.828125
the	6	878	48	0.515625
big	6	879	48	5.234375
pebbles	6	880	48	12.12890625
and	6	881	48	1.8203125
the	6	882	48	2.4921875
pond	6	883	48	9.609375
weed.	6	884	48	12.34375
Abby	6	885	49	8.828125
tried	6	886	49	5.578125
to	6	887	49	0.140625
imagine,	6	888	49	11.95703125
if	6	889	49	5.4375
she	6	890	49	1.046875
were	6	891	49	4.296875
Sticky,	6	892	49	12.75
a	6	893	49	3.9296875
little	6	894	49	3.3671875
water	6	895	49	7.8671875
snail,	6	896	49	6.71875
where	6	897	49	5.1953125
would	6	898	49	5.09375
she	6	899	49	0.671875
hide	6	900	49	7.0234375
out?	6	901	49	7.2421875
At	6	902	50	5.41015625
one	6	903	50	3.3046875
point	6	904	50	0.8984375
she	6	905	50	2.6640625
thought	6	906	50	3.84375
she	6	907	50	1.890625
saw	6	908	50	4.4375
him,	6	909	50	6.5703125
but	6	910	50	2.3359375
it	6	911	50	2.7109375
wasn't	6	912	50	2.0859375
the	6	913	50	3.0546875
water	6	914	50	4.1171875
snail.	6	915	50	5.6015625
It	6	916	51	3.34375
was	6	917	51	0.9453125
a	6	918	51	2.03125
large	6	919	51	5.3203125
speck	6	920	51	7.46484375
of	6	921	51	0.765625
dust	6	922	51	3.953125
that	6	923	51	2.953125
was	6	924	51	3.3125
deceptively	6	925	51	14.59375
bobbing	6	926	51	11.2578125
around	6	927	51	2.40625
in	6	928	51	4.21875
the	6	929	51	0.7109375
water	6	930	51	2.7578125
like	6	931	51	6.328125
a	6	932	51	1.4921875
live	6	933	51	9.640625
animal.	6	934	51	6.16015625
They	6	935	52	4.921875
were	6	936	52	2.0546875
ready	6	937	52	5.9140625
to	6	938	52	0.9609375
call	6	939	52	5.734375
it	6	940	52	2.5859375
quits,	6	941	52	13.984375
when	6	942	52	5.6328125
suddenly	6	943	52	8.0859375
Mom	6	944	52	7.11328125
cried,	6	945	52	8.33984375
``Ah	6	946	52	17.9453125
ha!''	6	947	52	11.76171875
Tucked	6	948	53	11.4453125
in	6	949	53	3.8203125
a	6	950	53	1.9375
curve	6	951	53	9.4375
of	6	952	53	1.8671875
the	6	953	53	3.125
archway,	6	954	53	17.015625
perfectly	6	955	53	9.4296875
hidden	6	956	53	6.95703125
against	6	957	53	7.54296875
a	6	958	53	3.1953125
pitch	6	959	53	9.578125
dark	6	960	53	7.58203125
stone,	6	961	53	8.05859375
sat	6	962	53	8.8125
Mr.	6	963	53	11.9140625
Sticky,	6	964	53	2.21875
safe	6	965	53	10.3984375
and	6	966	53	2.0
sound.	6	967	53	7.2734375
``You,	6	968	54	14.62890625
I	6	969	54	3.109375
can	6	970	54	3.40625
always	6	971	54	6.80859375
count	6	972	54	7.0
on,''	6	973	54	10.125
Abby	6	974	54	1.65625
said	6	975	54	0.28125
to	6	976	54	4.890625
her	6	977	54	2.7890625
mom,	6	978	54	6.3125
with	6	979	54	5.359375
relief.	6	980	54	9.27734375
Then	6	981	55	4.3203125
she	6	982	55	0.9296875
noticed	6	983	55	5.5390625
another	6	984	55	5.6640625
water	6	985	55	7.97265625
snail	6	986	55	3.9921875
was	6	987	55	6.5859375
right	6	988	55	7.45703125
next	6	989	55	4.328125
to	6	990	55	0.046875
Sticky	6	991	55	6.60546875
and	6	992	55	3.0859375
asked	6	993	55	6.171875
where	6	994	55	4.9140625
this	6	995	55	5.2734375
new	6	996	55	5.40234375
addition	6	997	55	9.25
to	6	998	55	3.578125
the	6	999	55	1.53125
family	6	1000	55	6.9140625
could	6	1001	55	6.1875
have	6	1002	55	3.3671875
come	6	1003	55	4.625
from.	6	1004	55	5.1171875
``I'm	6	1005	56	8.9140625
beginning	6	1006	56	8.03125
to	6	1007	56	0.28125
suspect	6	1008	56	8.1015625
the	6	1009	56	2.8984375
pond	6	1010	56	8.765625
weed	6	1011	56	7.6953125
is	6	1012	56	2.34375
guilty,	6	1013	56	12.8046875
don't	6	1014	56	7.53515625
you	6	1015	56	0.6171875
think?''	6	1016	56	7.4609375
replied	6	1017	56	9.21875
Mom.	6	1018	56	10.84375
They	6	1019	57	5.28125
both	6	1020	57	4.890625
laughed	6	1021	57	3.7578125
and	6	1022	57	1.0859375
climbed	6	1023	57	7.2109375
into	6	1024	57	2.3046875
Abby's	6	1025	57	11.15625
bed	6	1026	57	3.9140625
together	6	1027	57	5.81640625
and,	6	1028	57	7.328125
though	6	1029	57	3.765625
it	6	1030	57	2.75
was	6	1031	57	1.203125
cozy,	6	1032	57	12.8046875
it	6	1033	57	4.1953125
was	6	1034	57	1.125
a	6	1035	57	1.921875
bit	6	1036	57	3.6484375
of	6	1037	57	1.96875
a	6	1038	57	1.421875
squeeze.	6	1039	57	10.7421875
``Budge	6	1040	58	19.0234375
up,''	6	1041	58	8.72265625
Mom	6	1042	58	6.96875
said,	6	1043	58	1.4765625
giving	6	1044	58	6.38671875
Abby	6	1045	58	7.88671875
a	6	1046	58	1.5
push	6	1047	58	8.453125
with	6	1048	58	5.375
her	6	1049	58	2.6640625
bottom.	6	1050	58	11.6953125
``I	6	1051	59	3.8125
can't	6	1052	59	3.7734375
because	6	1053	59	10.328125
I'm	6	1054	59	2.2890625
already	6	1055	59	5.2578125
on	6	1056	59	3.375
the	6	1057	59	0.9609375
edge.''	6	1058	59	10.1640625
``Good	6	1059	60	10.859375
heavens,	6	1060	60	7.42578125
you've	6	1061	60	7.1953125
grown	6	1062	60	7.03515625
then.	6	1063	60	12.546875
When	6	1064	61	4.609375
did	6	1065	61	5.625
that	6	1066	61	2.828125
happen?	6	1067	61	5.53125
You	6	1068	62	3.4921875
could've	6	1069	62	8.3359375
put	6	1070	62	5.3359375
an	6	1071	62	4.125
elephant	6	1072	62	4.84375
in	6	1073	62	1.25
here	6	1074	62	5.2109375
last	6	1075	62	6.7578125
time	6	1076	62	3.4921875
we	6	1077	62	6.12109375
did	6	1078	62	4.640625
this.	6	1079	62	5.375
Before	6	1080	63	5.75390625
I	6	1081	63	2.2109375
know	6	1082	63	6.44140625
it,	6	1083	63	4.5703125
you'll	6	1084	63	6.2734375
be	6	1085	63	2.65625
all	6	1086	63	5.171875
grown	6	1087	63	8.234375
up.''	6	1088	63	7.8828125
On	6	1089	64	7.91015625
her	6	1090	64	4.7578125
mom's	6	1091	64	6.70703125
chest	6	1092	64	6.15234375
Abby	6	1093	64	14.296875
then	6	1094	64	5.3359375
put	6	1095	64	5.76953125
her	6	1096	64	0.8671875
head	6	1097	64	3.515625
and	6	1098	64	3.046875
smiled.	6	1099	64	5.703125
The	7	1	1	9.625
text	7	2	1	6.34765625
message	7	3	1	6.75390625
said	7	4	1	8.46875
that	7	5	1	3.78515625
Lucy	7	6	1	11.8046875
Josephs	7	7	1	16.5546875
was	7	8	1	2.203125
a	7	9	1	2.8984375
failure.	7	10	1	12.078125
It	7	11	2	3.328125
said	7	12	2	4.4609375
she	7	13	2	3.5
was	7	14	2	1.71875
ugly,	7	15	2	12.7578125
had	7	16	2	6.98828125
no	7	17	2	3.9140625
style	7	18	2	9.3671875
and	7	19	2	3.1171875
the	7	20	2	3.8046875
world	7	21	2	5.67578125
hated	7	22	2	9.59375
her.	7	23	2	2.65625
At	7	24	3	6.03125
least	7	25	3	2.0390625
that	7	26	3	5.0546875
was	7	27	3	2.8671875
what	7	28	3	3.390625
it	7	29	3	3.6484375
said	7	30	3	2.8515625
to	7	31	3	2.453125
Lucy.	7	32	3	8.1328125
It	7	33	4	2.640625
said	7	34	4	1.9921875
that	7	35	4	1.6328125
and	7	36	4	6.9140625
a	7	37	4	5.484375
whole	7	38	4	5.19140625
lot	7	39	4	1.125
more	7	40	4	4.765625
that	7	41	4	3.5
she	7	42	4	3.125
was	7	43	4	2.4375
struggling	7	44	4	6.3671875
to	7	45	4	1.4765625
understand.	7	46	4	5.40625
The	7	47	5	3.1953125
actual	7	48	5	7.71484375
text	7	49	5	6.25390625
of	7	50	5	4.0
the	7	51	5	1.1875
note	7	52	5	8.90625
said	7	53	5	5.296875
that	7	54	5	0.515625
Lucy	7	55	5	4.3125
better	7	56	5	11.7265625
not	7	57	5	4.5390625
show	7	58	5	9.609375
up	7	59	5	1.984375
at	7	60	5	3.3203125
the	7	61	5	1.1953125
party	7	62	5	7.25
tonight,	7	63	5	9.9375
because	7	64	5	3.8359375
it	7	65	5	2.234375
was	7	66	5	1.6484375
going	7	67	5	4.8828125
to	7	68	5	0.2578125
be	7	69	5	1.40625
bad	7	70	5	7.76171875
enough	7	71	5	4.4375
already!	7	72	5	14.8984375
Lucy,	7	73	6	10.5546875
who	7	74	6	2.953125
had	7	75	6	2.890625
started	7	76	6	5.4296875
receiving	7	77	6	7.796875
these	7	78	6	5.76171875
messages	7	79	6	4.5
a	7	80	6	6.48046875
few	7	81	6	1.859375
weeks	7	82	6	3.3671875
ago,	7	83	6	2.0234375
tapped	7	84	6	10.5859375
the	7	85	6	1.6328125
mobile	7	86	6	9.4375
screen	7	87	6	3.9921875
to	7	88	6	2.7109375
make	7	89	6	3.140625
the	7	90	6	1.8515625
message	7	91	6	4.234375
disappear	7	92	6	7.43359375
from	7	93	6	3.4375
view.	7	94	6	9.890625
She	7	95	7	2.453125
only	7	96	7	7.45703125
wished	7	97	7	6.1796875
it	7	98	7	3.734375
was	7	99	7	1.4296875
as	7	100	7	5.0
easy	7	101	7	4.765625
to	7	102	7	3.8984375
tap	7	103	7	7.30859375
her	7	104	7	5.359375
heart	7	105	7	7.90625
and	7	106	7	2.4765625
erase	7	107	7	10.3828125
the	7	108	7	1.21875
trace	7	109	7	8.46875
the	7	110	7	5.765625
message	7	111	7	4.0390625
had	7	112	7	5.79296875
left	7	113	7	5.8125
there.	7	114	7	6.1484375
``Was	7	115	8	21.1484375
that	7	116	8	2.3984375
another	7	117	8	7.359375
one	7	118	8	5.1171875
of	7	119	8	1.671875
those	7	120	8	3.09375
messages?''	7	121	8	11.7890625
her	7	122	8	6.203125
mom	7	123	8	6.33203125
asked,	7	124	8	6.7734375
who	7	125	8	4.546875
was	7	126	8	2.078125
driving	7	127	8	5.8828125
the	7	128	8	2.0234375
car.	7	129	8	7.703125
Lucy	7	130	9	7.79296875
confirmed	7	131	9	8.6875
her	7	132	9	1.6953125
mother's	7	133	9	6.05078125
suspicion	7	134	9	7.71875
was	7	135	9	3.875
founded	7	136	9	12.625
as	7	137	9	2.7109375
she	7	138	9	2.9765625
answered	7	139	9	7.72265625
dejectedly,	7	140	9	19.3125
``I'm	7	141	9	15.875
sorry	7	142	9	2.2890625
to	7	143	9	3.65625
say	7	144	9	3.1796875
it	7	145	9	2.8203125
was.''	7	146	9	9.40234375
``Haven't	7	147	10	20.38671875
you	7	148	10	1.9921875
reported	7	149	10	8.7578125
it	7	150	10	2.8203125
yet?''	7	151	10	7.765625
asked	7	152	10	7.8671875
Jill,	7	153	10	9.57421875
Lucy's	7	154	10	11.765625
older	7	155	10	7.77734375
sister	7	156	10	1.140625
who	7	157	10	4.421875
was	7	158	10	2.09375
sitting	7	159	10	4.6640625
in	7	160	10	1.515625
the	7	161	10	1.0078125
passenger	7	162	10	6.89453125
seat.	7	163	10	2.90625
``Yes,''	7	164	11	16.5
Lucy	7	165	11	5.51171875
replied,	7	166	11	6.1328125
lying	7	167	11	7.38671875
through	7	168	11	6.23046875
her	7	169	11	2.2734375
teeth.	7	170	11	6.99609375
That	7	171	12	6.4609375
Lucy	7	172	12	8.125
should	7	173	12	5.9140625
not	7	174	12	3.1171875
let	7	175	12	4.0234375
the	7	176	12	2.078125
messages	7	177	12	5.90625
get	7	178	12	4.5625
to	7	179	12	3.5546875
her	7	180	12	1.890625
and	7	181	12	3.15625
that	7	182	12	3.9453125
the	7	183	12	2.640625
sender	7	184	12	6.796875
was	7	185	12	3.5234375
only	7	186	12	7.34375
jealous	7	187	12	9.0390625
were	7	188	12	8.8125
Lucy's	7	189	12	11.3046875
mom's	7	190	12	8.984375
arguments,	7	191	12	13.1796875
in	7	192	12	5.2578125
an	7	193	12	4.953125
effort	7	194	12	3.171875
to	7	195	12	0.15625
comfort	7	196	12	9.0546875
her	7	197	12	0.8203125
daughter.	7	198	12	7.7265625
Lucy's	7	199	13	10.06640625
mom	7	200	13	4.6953125
suddenly	7	201	13	8.5234375
felt	7	202	13	3.171875
guilty,	7	203	13	8.76953125
for	7	204	13	6.80078125
she	7	205	13	2.0
had	7	206	13	2.125
been	7	207	13	1.6171875
the	7	208	13	4.4765625
one	7	209	13	3.921875
to	7	210	13	3.3359375
buy	7	211	13	6.6796875
the	7	212	13	2.1640625
phone	7	213	13	3.140625
for	7	214	13	3.3359375
Lucy	7	215	13	7.9921875
just	7	216	13	7.67578125
a	7	217	13	3.5390625
couple	7	218	13	2.171875
of	7	219	13	0.640625
months	7	220	13	3.0703125
ago.	7	221	13	2.3828125
She	7	222	14	2.125
then	7	223	14	5.0
admitted	7	224	14	7.26953125
her	7	225	14	2.953125
regret	7	226	14	8.703125
about	7	227	14	6.30859375
the	7	228	14	2.1484375
phone	7	229	14	3.65625
was	7	230	14	4.7421875
still	7	231	14	4.359375
bugging	7	232	14	11.0390625
her	7	233	14	1.0859375
out	7	234	14	4.03125
loud	7	235	14	5.99609375
as	7	236	14	4.2421875
she	7	237	14	0.40625
sighed,	7	238	14	9.26171875
``I	7	239	14	9.765625
never	7	240	14	5.3984375
should	7	241	14	7.83984375
have	7	242	14	1.6171875
given	7	243	14	5.03125
you	7	244	14	2.9140625
that	7	245	14	3.71875
phone	7	246	14	7.83203125
Lucy.''	7	247	14	16.4375
``No,	7	248	15	6.1484375
it's	7	249	15	4.09375
fine.	7	250	15	7.85546875
I	7	251	15	3.625
love	7	252	15	5.4375
it,''	7	253	15	6.4140625
said	7	254	15	2.890625
Lucy	7	255	15	3.0234375
knowing	7	256	15	12.6171875
that	7	257	15	1.640625
affording	7	258	15	16.7734375
the	7	259	15	2.25
phone	7	260	15	2.0234375
had	7	261	15	5.71875
been	7	262	15	0.6484375
no	7	263	15	7.05078125
small	7	264	15	7.58984375
thing	7	265	15	5.3359375
for	7	266	15	2.7578125
her	7	267	15	1.2578125
mother.	7	268	15	6.140625
It	7	269	16	3.5390625
had	7	270	16	3.0703125
been	7	271	16	0.5
nothing	7	272	16	5.515625
but	7	273	16	2.0859375
trouble	7	274	16	7.15625
though.	7	275	16	8.79296875
Lucy	7	276	17	5.890625
did	7	277	17	3.5859375
not	7	278	17	0.7421875
know	7	279	17	2.109375
who	7	280	17	4.5625
it	7	281	17	3.84375
was	7	282	17	0.640625
that	7	283	17	5.66796875
was	7	284	17	5.22265625
sending	7	285	17	9.28125
her	7	286	17	1.2109375
the	7	287	17	4.46875
messages,	7	288	17	8.6953125
and	7	289	17	1.6015625
she	7	290	17	1.7109375
did	7	291	17	3.3125
not	7	292	17	0.3828125
know	7	293	17	1.1015625
how	7	294	17	1.640625
they	7	295	17	4.0
had	7	296	17	2.25
got	7	297	17	4.8359375
her	7	298	17	3.8046875
number,	7	299	17	11.03125
but	7	300	17	1.828125
whoever	7	301	17	9.234375
it	7	302	17	3.921875
was,	7	303	17	4.0546875
he	7	304	17	5.1953125
or	7	305	17	7.4453125
she	7	306	17	0.6015625
had	7	307	17	2.2109375
slowly	7	308	17	11.09375
taken	7	309	17	4.3984375
over	7	310	17	4.0390625
Lucy's	7	311	17	9.53125
life.	7	312	17	4.703125
She	7	313	18	2.4140625
was	7	314	18	2.5703125
getting	7	315	18	4.6953125
several	7	316	18	7.91015625
texts	7	317	18	8.796875
a	7	318	18	5.53515625
day	7	319	18	3.5
now,	7	320	18	5.7109375
all	7	321	18	6.0625
of	7	322	18	1.8046875
which	7	323	18	2.5703125
were	7	324	18	1.8984375
abusive	7	325	18	9.3828125
and	7	326	18	1.7421875
hurtful.	7	327	18	11.1796875
Lucy	7	328	19	5.1796875
wondered	7	329	19	6.65625
what	7	330	19	1.8671875
the	7	331	19	2.96875
person	7	332	19	5.0546875
who	7	333	19	2.2734375
was	7	334	19	2.3984375
messaging	7	335	19	14.578125
her	7	336	19	2.9609375
might	7	337	19	5.50390625
be	7	338	19	2.6953125
thinking	7	339	19	5.67578125
or	7	340	19	5.6640625
trying	7	341	19	3.9609375
to	7	342	19	0.15625
achieve	7	343	19	6.8671875
with	7	344	19	5.1328125
all	7	345	19	5.765625
of	7	346	19	1.890625
their	7	347	19	3.9921875
hateful	7	348	19	11.015625
messages.	7	349	19	4.9453125
As	7	350	20	4.703125
the	7	351	20	2.9921875
car	7	352	20	6.30859375
pulled	7	353	20	4.828125
up	7	354	20	2.96875
outside	7	355	20	7.984375
the	7	356	20	0.984375
school,	7	357	20	10.15625
which	7	358	20	5.2109375
looked	7	359	20	4.703125
like	7	360	20	1.6484375
a	7	361	20	0.9296875
large	7	362	20	5.65625
shadow	7	363	20	8.3671875
in	7	364	20	3.359375
the	7	365	20	0.875
darkness	7	366	20	5.953125
of	7	367	20	3.171875
a	7	368	20	3.234375
November	7	369	20	11.765625
evening,	7	370	20	6.125
Lucy	7	371	20	7.6796875
felt	7	372	20	4.828125
a	7	373	20	1.828125
shiver	7	374	20	9.82421875
run	7	375	20	9.875
down	7	376	20	2.703125
her	7	377	20	3.0703125
spine.	7	378	20	6.5703125
Hastened	7	379	21	22.09375
by	7	380	21	3.53125
Jill,	7	381	21	11.25
who	7	382	21	2.8515625
did	7	383	21	4.765625
not	7	384	21	0.34375
want	7	385	21	2.0703125
to	7	386	21	0.90625
be	7	387	21	3.0
late	7	388	21	8.46875
to	7	389	21	4.2265625
her	7	390	21	3.2734375
own	7	391	21	5.78125
concert,	7	392	21	11.7734375
Lucy	7	393	21	8.5859375
hesitantly	7	394	21	11.7421875
stepped	7	395	21	6.6796875
out	7	396	21	2.3359375
of	7	397	21	1.2265625
the	7	398	21	0.8828125
car	7	399	21	3.765625
and	7	400	21	1.7734375
walked	7	401	21	3.84375
toward	7	402	21	4.3984375
the	7	403	21	0.65625
school.	7	404	21	6.265625
It	7	405	22	3.515625
was	7	406	22	1.140625
Jill	7	407	22	10.46875
who	7	408	22	2.875
in	7	409	22	6.3203125
her	7	410	22	2.4765625
final	7	411	22	6.93359375
year	7	412	22	3.0
of	7	413	22	2.046875
high	7	414	22	6.74609375
school	7	415	22	0.8515625
had	7	416	22	5.875
become	7	417	22	4.421875
involved	7	418	22	5.91015625
in	7	419	22	0.9296875
helping	7	420	22	6.56640625
organize	7	421	22	9.828125
this	7	422	22	5.82421875
year's	7	423	22	8.07421875
school	7	424	22	5.5859375
talent	7	425	22	11.765625
show,	7	426	22	10.34765625
and	7	427	22	1.2421875
she	7	428	22	1.375
took	7	429	22	4.5234375
her	7	430	22	1.6328125
position	7	431	22	7.08984375
very	7	432	22	7.53515625
seriously.	7	433	22	2.921875
Lucy	7	434	23	4.3046875
hurried	7	435	23	7.98046875
behind	7	436	23	6.65234375
Jill,	7	437	23	11.296875
pulling	7	438	23	7.76953125
on	7	439	23	4.4921875
the	7	440	23	1.390625
worn,	7	441	23	15.78125
oversized	7	442	23	13.24609375
coat	7	443	23	10.078125
that	7	444	23	5.328125
had	7	445	23	3.1171875
originally	7	446	23	7.8671875
belonged	7	447	23	5.8203125
to	7	448	23	0.1796875
Jill,	7	449	23	8.78515625
in	7	450	23	4.8125
order	7	451	23	4.0078125
to	7	452	23	0.125
keep	7	453	23	3.765625
her	7	454	23	0.671875
dry	7	455	23	8.015625
as	7	456	23	5.9453125
the	7	457	23	3.5078125
raindrops	7	458	23	15.4375
fell	7	459	23	5.8984375
all	7	460	23	6.4453125
around	7	461	23	2.8125
them.	7	462	23	4.5546875
As	7	463	24	4.71875
the	7	464	24	2.1640625
sisters	7	465	24	9.671875
entered	7	466	24	7.2890625
the	7	467	24	0.8515625
hall	7	468	24	4.5078125
where	7	469	24	5.1015625
the	7	470	24	2.1015625
show	7	471	24	7.703125
was	7	472	24	1.546875
to	7	473	24	5.76171875
take	7	474	24	5.12109375
place,	7	475	24	6.3515625
Jill	7	476	24	7.7890625
filled	7	477	24	8.1015625
with	7	478	24	2.453125
excitement	7	479	24	5.0546875
while	7	480	24	5.578125
Lucy	7	481	24	4.1796875
regretted	7	482	24	9.90625
that	7	483	24	3.2421875
she	7	484	24	1.3125
had	7	485	24	1.7109375
promised	7	486	24	7.04296875
her	7	487	24	0.8203125
mother	7	488	24	4.203125
she	7	489	24	4.40625
would	7	490	24	2.046875
participate	7	491	24	8.734375
in	7	492	24	0.5234375
the	7	493	24	1.28125
show.	7	494	24	6.3125
``To	7	495	25	14.875
waste	7	496	25	11.125
your	7	497	25	2.5
talent	7	498	25	8.6640625
would	7	499	25	7.73046875
be	7	500	25	1.34375
a	7	501	25	2.8046875
real	7	502	25	5.5546875
shame,	7	503	25	7.5234375
for	7	504	25	4.78125
you	7	505	25	2.4453125
have	7	506	25	3.8671875
such	7	507	25	6.26171875
a	7	508	25	0.484375
beautiful	7	509	25	4.828125
voice,''	7	510	25	11.76171875
her	7	511	25	4.6796875
mother	7	512	25	1.28125
had	7	513	25	6.015625
argued	7	514	25	7.36328125
two	7	515	25	8.4609375
months	7	516	25	4.234375
back,	7	517	25	9.0390625
when	7	518	25	4.8125
the	7	519	25	3.3125
concert	7	520	25	8.109375
was	7	521	25	1.4609375
first	7	522	25	5.625
announced.	7	523	25	6.953125
Lucy	7	524	26	5.87109375
had	7	525	26	2.7421875
been	7	526	26	2.1015625
considering	7	527	26	7.76171875
it,	7	528	26	5.1640625
for	7	529	26	4.171875
she	7	530	26	2.5703125
did	7	531	26	4.8359375
love	7	532	26	8.71875
to	7	533	26	2.640625
sing.	7	534	26	9.73046875
That	7	535	27	6.2265625
very	7	536	27	7.41015625
night,	7	537	27	4.8125
the	7	538	27	3.2109375
first	7	539	27	4.6953125
text	7	540	27	10.2578125
message	7	541	27	4.6953125
had	7	542	27	3.1484375
come	7	543	27	4.8125
through.	7	544	27	7.59375
``How	7	545	28	11.671875
does	7	546	28	4.6484375
it	7	547	28	1.4765625
feel	7	548	28	3.8359375
to	7	549	28	3.140625
be	7	550	28	1.8828125
tall	7	551	28	9.953125
and	7	552	28	1.8125
lanky	7	553	28	14.96875
like	7	554	28	6.375
a	7	555	28	1.578125
giraffe?''	7	556	28	14.84375
it	7	557	28	5.55859375
had	7	558	28	2.890625
asked,	7	559	28	11.55078125
taking	7	560	28	6.50390625
Lucy	7	561	28	8.7890625
by	7	562	28	7.00390625
surprise.	7	563	28	6.3203125
One	7	564	29	7.35546875
of	7	565	29	1.5625
the	7	566	29	0.7578125
popular	7	567	29	8.0546875
girls,	7	568	29	6.4453125
Lucy	7	569	29	5.5859375
had	7	570	29	2.9921875
always	7	571	29	4.890625
known	7	572	29	4.9921875
she	7	573	29	4.2109375
wasn't,	7	574	29	9.6484375
but	7	575	29	1.9140625
before	7	576	29	6.27734375
the	7	577	29	2.953125
messages	7	578	29	9.4921875
began,	7	579	29	6.59375
Lucy	7	580	29	6.265625
had	7	581	29	2.53125
always	7	582	29	3.6328125
been	7	583	29	1.484375
quite	7	584	29	6.25
proud	7	585	29	6.3828125
of	7	586	29	0.609375
being	7	587	29	4.0703125
a	7	588	29	1.6484375
little	7	589	29	4.265625
different.	7	590	29	5.75
But	7	591	30	3.6171875
text	7	592	30	13.4375
by	7	593	30	6.16015625
text,	7	594	30	11.3515625
Lucy's	7	595	30	7.6796875
self-confidence	7	596	30	12.66796875
had	7	597	30	2.65625
deflated	7	598	30	13.6875
and,	7	599	30	8.89453125
in	7	600	30	3.953125
the	7	601	30	2.3046875
end,	7	602	30	5.7734375
it	7	603	30	4.7734375
had	7	604	30	1.7109375
taken	7	605	30	5.0390625
some	7	606	30	4.0859375
doing	7	607	30	11.203125
to	7	608	30	4.15625
get	7	609	30	3.53125
her	7	610	30	1.4921875
to	7	611	30	2.515625
agree	7	612	30	8.7578125
to	7	613	30	2.40625
perform	7	614	30	8.109375
in	7	615	30	4.2890625
the	7	616	30	1.1875
show.	7	617	30	4.671875
Now,	7	618	31	7.78515625
however,	7	619	31	5.7109375
Lucy	7	620	31	5.265625
had	7	621	31	2.203125
no	7	622	31	4.953125
choice	7	623	31	3.6328125
but	7	624	31	1.8125
to	7	625	31	1.34375
make	7	626	31	3.75
her	7	627	31	1.125
way	7	628	31	4.859375
towards	7	629	31	5.3125
the	7	630	31	1.34375
stage	7	631	31	3.6328125
where	7	632	31	4.7578125
Jill	7	633	31	8.21875
was	7	634	31	1.6171875
beckoning	7	635	31	16.7421875
encouragingly	7	636	31	16.8046875
to	7	637	31	3.078125
her.	7	638	31	5.4375
She	7	639	32	2.03125
was	7	640	32	2.3359375
the	7	641	32	3.3359375
first	7	642	32	1.9375
performer.	7	643	32	10.546875
Lucy,	7	644	33	7.671875
announced	7	645	33	12.984375
by	7	646	33	4.9296875
her	7	647	33	1.6015625
sister	7	648	33	3.71875
to	7	649	33	5.2421875
the	7	650	33	3.1484375
audience,	7	651	33	5.09375
was	7	652	33	3.203125
all	7	653	33	5.5
nerves	7	654	33	13.1171875
as	7	655	33	5.15625
she	7	656	33	1.078125
walked	7	657	33	4.375
out	7	658	33	3.1484375
onto	7	659	33	4.7265625
the	7	660	33	0.4375
middle	7	661	33	8.265625
of	7	662	33	0.625
the	7	663	33	0.4453125
stage,	7	664	33	3.8984375
where	7	665	33	3.734375
there	7	666	33	5.671875
was	7	667	33	0.5859375
nothing	7	668	33	3.1015625
but	7	669	33	1.6015625
a	7	670	33	1.8046875
microphone	7	671	33	7.54296875
and	7	672	33	3.0625
her.	7	673	33	8.7734375
She	7	674	34	1.8359375
heard	7	675	34	5.65625
the	7	676	34	1.6953125
audience	7	677	34	4.2890625
applaud	7	678	34	8.1875
and	7	679	34	6.953125
could	7	680	34	6.265625
feel	7	681	34	3.3359375
a	7	682	34	3.46875
sense	7	683	34	4.6171875
of	7	684	34	0.046875
anticipation	7	685	34	7.8203125
emanate	7	686	34	14.953125
from	7	687	34	0.296875
the	7	688	34	1.6953125
other	7	689	34	5.140625
side	7	690	34	2.9375
of	7	691	34	0.8046875
the	7	692	34	0.6015625
heavy	7	693	34	11.90625
curtain.	7	694	34	4.6328125
As	7	695	35	4.7734375
the	7	696	35	2.34375
curtains	7	697	35	7.93359375
began	7	698	35	4.1015625
to	7	699	35	1.0390625
part,	7	700	35	14.0234375
she	7	701	35	1.1328125
cast	7	702	35	8.8203125
a	7	703	35	1.890625
worried	7	704	35	11.7109375
look	7	705	35	3.6796875
at	7	706	35	1.3671875
Jill	7	707	35	7.98046875
in	7	708	35	4.5
the	7	709	35	1.0
wings,	7	710	35	11.6640625
who	7	711	35	4.5625
assured	7	712	35	9.484375
her	7	713	35	0.6796875
with	7	714	35	5.0625
a	7	715	35	2.171875
positive	7	716	35	8.8125
thumbs	7	717	35	9.09375
up.	7	718	35	4.625
Lucy	7	719	36	5.4453125
thought	7	720	36	5.0078125
to	7	721	36	4.6171875
herself	7	722	36	1.6484375
that	7	723	36	2.4609375
she	7	724	36	1.28125
could	7	725	36	2.6875
not	7	726	36	2.0390625
go	7	727	36	5.4140625
through	7	728	36	3.109375
with	7	729	36	4.2734375
this	7	730	36	4.4140625
and	7	731	36	4.7578125
that	7	732	36	3.5
she,	7	733	36	7.59375
unlike	7	734	36	7.32421875
her	7	735	36	0.9296875
older	7	736	36	5.078125
sister,	7	737	36	1.0234375
was	7	738	36	5.1796875
not	7	739	36	4.25
confident	7	740	36	7.90625
enough	7	741	36	2.53125
to	7	742	36	1.1875
put	7	743	36	5.4765625
herself	7	744	36	3.0390625
before	7	745	36	5.2578125
the	7	746	36	1.9375
judging	7	747	36	10.25
audience.	7	748	36	6.4296875
The	7	749	37	3.28125
crowd	7	750	37	5.109375
looked	7	751	37	4.3984375
up	7	752	37	2.890625
at	7	753	37	0.875
her	7	754	37	1.3828125
and	7	755	37	2.125
Lucy	7	756	37	6.76953125
was	7	757	37	2.875
ready	7	758	37	5.15625
to	7	759	37	0.84375
run	7	760	37	5.265625
when	7	761	37	5.5546875
the	7	762	37	2.796875
first	7	763	37	4.8671875
notes	7	764	37	9.4296875
of	7	765	37	2.046875
the	7	766	37	1.515625
music	7	767	37	6.03515625
sounded	7	768	37	5.0625
out	7	769	37	5.6328125
and	7	770	37	2.8125
a	7	771	37	4.25
sudden	7	772	37	5.046875
calm	7	773	37	7.26953125
settled	7	774	37	9.4765625
over	7	775	37	4.78125
her.	7	776	37	2.6484375
She	7	777	38	1.8671875
closed	7	778	38	6.296875
her	7	779	38	0.921875
eyes	7	780	38	0.5078125
and	7	781	38	0.9296875
shut	7	782	38	6.5
everything	7	783	38	8.015625
out,	7	784	38	5.9296875
including	7	785	38	6.05078125
the	7	786	38	1.703125
audience,	7	787	38	6.1796875
the	7	788	38	2.9453125
nerves	7	789	38	10.46875
that	7	790	38	2.9140625
threatened	7	791	38	8.546875
to	7	792	38	1.3984375
take	7	793	38	3.703125
over,	7	794	38	9.5078125
the	7	795	38	2.78125
text	7	796	38	9.3125
messages,	7	797	38	5.5078125
and	7	798	38	0.734375
the	7	799	38	0.734375
way	7	800	38	6.1484375
they	7	801	38	2.7890625
made	7	802	38	4.2421875
her	7	803	38	1.9765625
feel.	7	804	38	4.8046875
It	7	805	39	3.6875
was	7	806	39	0.8671875
just	7	807	39	4.3359375
her	7	808	39	3.265625
and	7	809	39	4.40625
the	7	810	39	3.3359375
music,	7	811	39	8.9921875
and	7	812	39	2.015625
it	7	813	39	2.3046875
was	7	814	39	0.7421875
a	7	815	39	2.703125
love	7	816	39	6.578125
story	7	817	39	2.90625
that	7	818	39	2.6875
had	7	819	39	2.9453125
been	7	820	39	1.4375
going	7	821	39	5.5078125
on	7	822	39	1.859375
her	7	823	39	2.46875
whole	7	824	39	7.4453125
life.	7	825	39	2.6875
She	7	826	40	1.703125
began	7	827	40	5.3046875
to	7	828	40	0.5078125
sing,	7	829	40	7.2109375
and	7	830	40	2.109375
all	7	831	40	5.9453125
the	7	832	40	1.8046875
pain	7	833	40	8.9140625
and	7	834	40	2.921875
confusion	7	835	40	6.5078125
that	7	836	40	4.0625
the	7	837	40	3.1328125
messages	7	838	40	7.0234375
had	7	839	40	2.328125
been	7	840	40	1.1171875
causing	7	841	40	7.26171875
inside	7	842	40	9.09375
her	7	843	40	1.09375
just	7	844	40	7.59375
flowed	7	845	40	10.5703125
out.	7	846	40	5.375
The	7	847	41	2.75
words	7	848	41	5.078125
were	7	849	41	1.65625
not	7	850	41	4.2265625
important,	7	851	41	8.6328125
for	7	852	41	4.2734375
it	7	853	41	3.265625
was	7	854	41	0.796875
the	7	855	41	2.2109375
feeling	7	856	41	5.2578125
behind	7	857	41	6.9296875
them	7	858	41	2.7578125
that	7	859	41	3.3515625
she	7	860	41	2.1484375
latched	7	861	41	13.6640625
onto.	7	862	41	10.0234375
Lucy	7	863	42	4.5703125
was	7	864	42	2.546875
in	7	865	42	4.953125
the	7	866	42	1.3125
heart	7	867	42	6.26171875
of	7	868	42	0.390625
the	7	869	42	1.2578125
song	7	870	42	4.28125
with	7	871	42	4.890625
the	7	872	42	1.9453125
rest	7	873	42	5.359375
of	7	874	42	0.140625
the	7	875	42	0.8671875
world	7	876	42	3.953125
slipping	7	877	42	11.7265625
away.	7	878	42	4.2578125
When	7	879	43	4.5
the	7	880	43	2.75
song	7	881	43	2.7578125
finished	7	882	43	6.69140625
and	7	883	43	4.2578125
the	7	884	43	2.0234375
last	7	885	43	5.1171875
note	7	886	43	6.0703125
died	7	887	43	7.59375
away,	7	888	43	8.58203125
she	7	889	43	0.9609375
opened	7	890	43	4.9375
her	7	891	43	1.15625
eyes.	7	892	43	2.9375
To	7	893	44	6.43359375
see	7	894	44	3.0859375
the	7	895	44	1.609375
whole	7	896	44	5.4609375
audience	7	897	44	4.875
on	7	898	44	6.16015625
their	7	899	44	4.078125
feet	7	900	44	5.5234375
and	7	901	44	2.2265625
the	7	902	44	1.8671875
hall	7	903	44	7.4140625
filled	7	904	44	5.8828125
with	7	905	44	0.7890625
cheers	7	906	44	10.4140625
and	7	907	44	1.28125
applause	7	908	44	7.171875
was	7	909	44	5.7578125
not	7	910	44	4.90625
what	7	911	44	4.9453125
Lucy	7	912	44	6.33203125
had	7	913	44	1.4609375
expected.	7	914	44	5.2109375
Lucy	7	915	45	4.0703125
allowed	7	916	45	8.2734375
herself	7	917	45	1.625
to	7	918	45	0.109375
enjoy	7	919	45	5.59375
the	7	920	45	1.2578125
sense	7	921	45	8.1015625
of	7	922	45	0.109375
achievement	7	923	45	7.90625
and	7	924	45	1.9296875
belonging	7	925	45	11.296875
that	7	926	45	5.4296875
she	7	927	45	0.84375
had	7	928	45	1.21875
not	7	929	45	4.0
felt	7	930	45	4.71875
in	7	931	45	4.078125
a	7	932	45	3.15625
very	7	933	45	5.046875
long	7	934	45	2.8359375
time.	7	935	45	2.75
Then	7	936	46	5.484375
she	7	937	46	0.65625
saw	7	938	46	4.6953125
her	7	939	46	1.2265625
mother,	7	940	46	5.6953125
who	7	941	46	3.7578125
was	7	942	46	2.296875
cheering	7	943	46	8.53125
the	7	944	46	3.828125
loudest	7	945	46	11.1171875
of	7	946	46	3.109375
all	7	947	46	4.6171875
in	7	948	46	5.25
the	7	949	46	1.1640625
crowd,	7	950	46	5.5625
and	7	951	46	1.5390625
Jill,	7	952	46	10.96875
who	7	953	46	1.7421875
was	7	954	46	1.8515625
beaming	7	955	46	14.53125
at	7	956	46	2.8671875
her	7	957	46	0.9765625
with	7	958	46	4.5546875
pride	7	959	46	6.8203125
from	7	960	46	6.328125
the	7	961	46	1.609375
wings.	7	962	46	12.2265625
She	7	963	47	1.5234375
knew	7	964	47	4.171875
she	7	965	47	1.8125
owed	7	966	47	8.8125
them	7	967	47	3.515625
big	7	968	47	9.28125
time	7	969	47	4.0
for	7	970	47	3.1015625
reminding	7	971	47	10.125
her	7	972	47	1.1015625
what	7	973	47	5.3359375
she	7	974	47	0.96875
was	7	975	47	1.9140625
capable	7	976	47	6.85546875
of	7	977	47	0.2890625
and	7	978	47	4.5
who	7	979	47	5.5859375
she	7	980	47	2.515625
really	7	981	47	7.16015625
was.	7	982	47	5.890625
The	7	983	48	3.21875
next	7	984	48	5.3125
time	7	985	48	2.2421875
her	7	986	48	3.7734375
phone	7	987	48	8.390625
bleeped	7	988	48	18.453125
she	7	989	48	6.1640625
would	7	990	48	3.4453125
tap	7	991	48	9.265625
the	7	992	48	2.4296875
message	7	993	48	4.328125
straight	7	994	48	7.578125
into	7	995	48	2.09375
oblivion	7	996	48	8.578125
where	7	997	48	5.0546875
it	7	998	48	3.46875
belonged.	7	999	48	6.734375
The	8	1	1	9.625
Roswell	8	2	1	15.51171875
UFO	8	3	1	10.3125
Incident	8	4	1	18.30859375
was	8	5	1	3.328125
the	8	6	1	3.8515625
alleged	8	7	1	8.5625
recovery	8	8	1	11.59375
of	8	9	1	1.390625
extra-terrestrial	8	10	1	24.49609375
debris,	8	11	1	8.4296875
including	8	12	1	3.7421875
alien	8	13	1	9.265625
corpses,	8	14	1	10.7109375
from	8	15	1	3.8203125
an	8	16	1	4.4453125
object	8	17	1	6.4140625
that	8	18	1	2.5859375
crashed	8	19	1	6.9921875
near	8	20	1	6.27734375
Roswell,	8	21	1	14.328125
New	8	22	1	8.015625
Mexico,	8	23	1	4.3828125
on	8	24	1	5.28515625
or	8	25	1	6.703125
about	8	26	1	3.7421875
July	8	27	1	5.0625
eighth,	8	28	1	13.3671875
nineteen	8	29	1	10.953125
forty-seven.	8	30	1	16.921875
Since	8	31	2	5.859375
the	8	32	2	1.453125
late	8	33	2	5.234375
nineteen	8	34	2	6.7734375
seventies,	8	35	2	10.12109375
the	8	36	2	1.25
incident	8	37	2	6.05078125
has	8	38	2	4.1171875
been	8	39	2	0.6328125
the	8	40	2	4.7109375
subject	8	41	2	5.796875
of	8	42	2	0.2578125
intense	8	43	2	6.8984375
controversy	8	44	2	5.34375
and	8	45	2	2.890625
the	8	46	2	2.46875
subject	8	47	2	6.34765625
of	8	48	2	0.625
conspiracy	8	49	2	9.765625
theories	8	50	2	2.1640625
as	8	51	2	4.515625
to	8	52	2	2.359375
the	8	53	2	1.296875
true	8	54	2	7.625
nature	8	55	2	2.2109375
of	8	56	2	0.09375
the	8	57	2	0.5625
object	8	58	2	6.76171875
that	8	59	2	3.7265625
crashed.	8	60	2	10.640625
The	8	61	3	1.6328125
United	8	62	3	6.18359375
States	8	63	3	0.0625
military	8	64	3	7.8125
maintains	8	65	3	9.3125
the	8	66	3	2.3828125
debris	8	67	3	9.9375
recovered	8	68	3	7.9765625
was	8	69	3	6.375
from	8	70	3	5.69140625
an	8	71	3	2.9375
experimental	8	72	3	6.90625
high-altitude	8	73	3	16.7734375
surveillance	8	74	3	6.69921875
balloon	8	75	3	8.796875
that	8	76	3	2.65625
belonged	8	77	3	7.6796875
to	8	78	3	0.171875
a	8	79	3	2.171875
classified	8	80	3	8.90625
program	8	81	3	8.9765625
named	8	82	3	7.1171875
``Mogul''.	8	83	3	39.1328125
However,	8	84	4	3.796875
many	8	85	4	5.0234375
UFO	8	86	4	9.171875
proponents	8	87	4	11.1484375
maintain	8	88	4	9.3671875
that,	8	89	4	4.8125
in	8	90	4	2.2421875
fact,	8	91	4	2.65625
a	8	92	4	5.3046875
crashed	8	93	4	10.65625
alien	8	94	4	7.671875
craft	8	95	4	10.84375
and	8	96	4	3.5078125
bodies	8	97	4	9.875
were	8	98	4	3.359375
recovered,	8	99	4	8.5
and	8	100	4	1.7890625
that	8	101	4	3.6328125
the	8	102	4	1.65625
military	8	103	4	6.09375
then	8	104	4	6.82421875
engaged	8	105	4	7.4453125
in	8	106	4	0.5625
a	8	107	4	2.25
cover-up.	8	108	4	17.4453125
The	8	109	5	1.3359375
incident	8	110	5	4.9609375
has	8	111	5	2.2734375
turned	8	112	5	6.4140625
into	8	113	5	2.609375
a	8	114	5	1.09375
widely	8	115	5	7.96875
known	8	116	5	4.1875
pop	8	117	5	9.1796875
culture	8	118	5	2.0390625
phenomenon,	8	119	5	10.140625
making	8	120	5	6.64453125
the	8	121	5	2.15625
name	8	122	5	6.60546875
Roswell	8	123	5	11.65625
synonymous	8	124	5	12.8671875
with	8	125	5	0.1640625
UFOs.	8	126	5	11.48046875
It	8	127	6	3.0859375
ranks	8	128	6	9.359375
as	8	129	6	1.859375
one	8	130	6	4.140625
of	8	131	6	0.3359375
the	8	132	6	0.1484375
most	8	133	6	1.9765625
publicized	8	134	6	13.12890625
and	8	135	6	2.8828125
controversial	8	136	6	6.25390625
alleged	8	137	6	10.1953125
UFO	8	138	6	8.390625
incidents.	8	139	6	6.640625
On	8	140	7	5.0625
July	8	141	7	3.78125
ninth,	8	142	7	7.69921875
nineteen	8	143	7	6.3984375
forty-seven,	8	144	7	7.9453125
a	8	145	7	3.96875
press	8	146	7	8.09375
release	8	147	7	1.8828125
that	8	148	7	4.71875
Roswell	8	149	7	12.234375
Army	8	150	7	12.96875
Air	8	151	7	8.1875
Field	8	152	7	9.46875
issued	8	153	7	7.71484375
stated	8	154	7	10.90625
that	8	155	7	0.6484375
personnel	8	156	7	12.953125
from	8	157	7	3.4140625
the	8	158	7	1.125
field's	8	159	7	12.6484375
Bomb	8	160	7	11.9921875
Group	8	161	7	9.2265625
had	8	162	7	2.7890625
recovered	8	163	7	6.53515625
a	8	164	7	2.765625
crashed	8	165	7	8.984375
``flying	8	166	7	25.3359375
disc''	8	167	7	13.5625
from	8	168	7	3.31640625
a	8	169	7	1.8125
ranch	8	170	7	10.1171875
near	8	171	7	4.3671875
Roswell,	8	172	7	4.859375
sparking	8	173	7	12.6328125
intense	8	174	7	9.3515625
media	8	175	7	7.03125
interest.	8	176	7	10.6953125
Later	8	177	8	6.484375
the	8	178	8	3.4765625
same	8	179	8	5.1796875
day,	8	180	8	1.9140625
the	8	181	8	1.34375
Commanding	8	182	8	12.8515625
General	8	183	8	6.08203125
of	8	184	8	4.6640625
the	8	185	8	0.6171875
Eighth	8	186	8	9.59375
Air	8	187	8	4.4609375
Force	8	188	8	0.6015625
stated	8	189	8	7.65625
that,	8	190	8	3.71875
in	8	191	8	1.96875
fact,	8	192	8	2.4921875
a	8	193	8	2.8359375
weather	8	194	8	8.609375
balloon	8	195	8	8.4921875
had	8	196	8	3.5703125
been	8	197	8	1.265625
recovered	8	198	8	5.5625
by	8	199	8	3.7421875
the	8	200	8	1.1796875
Roswell	8	201	8	10.8046875
Army	8	202	8	2.2421875
Air	8	203	8	1.203125
Field	8	204	8	1.875
personnel,	8	205	8	11.4140625
rather	8	206	8	7.078125
than	8	207	8	0.03125
a	8	208	8	2.09375
``flying	8	209	8	15.9453125
saucer''.	8	210	8	14.2109375
A	8	211	9	5.0078125
subsequent	8	212	9	6.12890625
press	8	213	9	6.75
conference	8	214	9	8.96875
was	8	215	9	2.1328125
called,	8	216	9	7.6328125
featuring	8	217	9	7.4453125
debris	8	218	9	10.046875
from	8	219	9	2.125
the	8	220	9	1.0625
crashed	8	221	9	8.421875
object	8	222	9	7.83203125
that	8	223	9	3.2421875
confirmed	8	224	9	7.2421875
the	8	225	9	1.03125
weather	8	226	9	6.06640625
balloon	8	227	9	1.3671875
description.	8	228	9	12.8828125
The	8	229	10	1.25
case	8	230	10	5.328125
was	8	231	10	1.9375
quickly	8	232	10	6.69921875
forgotten	8	233	10	6.9453125
and	8	234	10	2.546875
almost	8	235	10	6.34375
completely	8	236	10	4.2421875
ignored,	8	237	10	5.9453125
even	8	238	10	4.75
by	8	239	10	4.3828125
UFO	8	240	10	8.65625
researchers,	8	241	10	8.83984375
for	8	242	10	5.234375
more	8	243	10	5.73046875
than	8	244	10	0.9296875
thirty	8	245	10	3.6796875
years.	8	246	10	2.609375
Then,	8	247	11	6.6328125
in	8	248	11	2.046875
nineteen	8	249	11	10.2890625
seventy-eight,	8	250	11	9.1875
nuclear	8	251	11	10.1328125
physicist	8	252	11	7.78515625
and	8	253	11	2.640625
author	8	254	11	6.20703125
Stanton	8	255	11	10.078125
Friedman	8	256	11	7.40625
interviewed	8	257	11	6.36328125
Jesse	8	258	11	9.328125
Marcel,	8	259	11	14.78125
the	8	260	11	2.8515625
only	8	261	11	5.28125
person	8	262	11	4.09375
known	8	263	11	6.66796875
to	8	264	11	1.6875
have	8	265	11	1.9453125
accompanied	8	266	11	9.3984375
the	8	267	11	1.5859375
Roswell	8	268	11	10.421875
debris	8	269	11	13.265625
from	8	270	11	2.359375
where	8	271	11	7.37890625
it	8	272	11	2.65625
was	8	273	11	1.21875
recovered	8	274	11	6.44140625
to	8	275	11	4.2734375
Fort	8	276	11	9.1640625
Worth.	8	277	11	5.2421875
Over	8	278	12	7.33203125
the	8	279	12	1.234375
next	8	280	12	3.5625
few	8	281	12	1.4375
years,	8	282	12	0.9609375
the	8	283	12	1.328125
accounts	8	284	12	10.171875
he	8	285	12	8.4609375
and	8	286	12	5.4765625
others	8	287	12	4.34375
gave	8	288	12	5.90234375
elevated	8	289	12	10.84375
Roswell	8	290	12	10.8984375
from	8	291	12	5.515625
a	8	292	12	2.5859375
forgotten	8	293	12	9.96875
incident	8	294	12	7.28125
to	8	295	12	2.5625
perhaps	8	296	12	9.03125
the	8	297	12	4.296875
most	8	298	12	3.71875
famous	8	299	12	4.71875
UFO	8	300	12	6.55859375
case	8	301	12	5.94921875
of	8	302	12	5.03125
all	8	303	12	4.96875
time.	8	304	12	4.7265625
By	8	305	13	4.75
the	8	306	13	1.140625
early	8	307	13	5.2109375
nineteen	8	308	13	5.6640625
nineties,	8	309	13	9.5703125
UFO	8	310	13	11.7578125
researchers	8	311	13	4.4140625
had	8	312	13	3.234375
interviewed	8	313	13	6.48046875
several	8	314	13	4.4296875
hundred	8	315	13	4.5546875
people	8	316	13	3.2734375
who	8	317	13	2.71875
had,	8	318	13	7.65234375
or	8	319	13	4.7265625
who	8	320	13	3.890625
claimed	8	321	13	5.9140625
to	8	322	13	1.71875
have	8	323	13	0.765625
had,	8	324	13	5.84375
a	8	325	13	5.2734375
connection	8	326	13	8.109375
with	8	327	13	1.3125
the	8	328	13	0.953125
events	8	329	13	8.015625
at	8	330	13	4.65625
Roswell	8	331	13	6.65234375
in	8	332	13	3.3984375
nineteen	8	333	13	9.3046875
forty-seven.	8	334	13	9.625
Additionally,	8	335	14	7.5859375
hundreds	8	336	14	7.3828125
of	8	337	14	0.0859375
documents	8	338	14	6.7578125
were	8	339	14	1.703125
obtained	8	340	14	5.1015625
by	8	341	14	1.5703125
Freedom	8	342	14	11.140625
of	8	343	14	1.1328125
Information	8	344	14	1.515625
Act	8	345	14	3.40625
requests,	8	346	14	12.5859375
as	8	347	14	3.734375
were	8	348	14	3.2265625
some	8	349	14	7.9296875
that	8	350	14	7.12890625
insiders	8	351	14	13.2578125
apparently	8	352	14	7.76953125
leaked.	8	353	14	11.6015625
Their	8	354	15	6.2265625
conclusions	8	355	15	6.06640625
were	8	356	15	0.7421875
that	8	357	15	4.375
at	8	358	15	5.55078125
least	8	359	15	2.3125
one	8	360	15	2.75
alien	8	361	15	9.71875
craft	8	362	15	8.84375
had	8	363	15	1.96875
crashed	8	364	15	8.328125
in	8	365	15	2.65625
the	8	366	15	1.109375
Roswell	8	367	15	8.734375
vicinity,	8	368	15	9.5078125
that	8	369	15	4.34375
aliens,	8	370	15	12.671875
some	8	371	15	6.1640625
possibly	8	372	15	9.65625
still	8	373	15	7.18359375
alive,	8	374	15	5.0546875
were	8	375	15	1.71875
recovered,	8	376	15	8.41796875
and	8	377	15	1.09375
that	8	378	15	2.53125
a	8	379	15	4.53125
massive	8	380	15	6.546875
cover-up	8	381	15	9.2421875
of	8	382	15	1.8984375
any	8	383	15	6.71875
knowledge	8	384	15	8.8671875
of	8	385	15	2.3984375
the	8	386	15	0.7421875
incident	8	387	15	4.7109375
was	8	388	15	1.3984375
put	8	389	15	7.18359375
in	8	390	15	2.359375
place.	8	391	15	2.6796875
Numerous	8	392	16	9.453125
books,	8	393	16	7.89453125
articles,	8	394	16	6.34765625
television	8	395	16	6.6328125
specials	8	396	16	10.2109375
and	8	397	16	1.984375
even	8	398	16	7.2734375
a	8	399	16	4.62109375
made-for-TV	8	400	16	28.5390625
movie	8	401	16	4.015625
brought	8	402	16	7.94140625
the	8	403	16	3.1171875
nineteen	8	404	16	12.484375
forty-seven	8	405	16	8.68359375
incident	8	406	16	9.3046875
fame	8	407	16	14.9453125
and	8	408	16	2.6875
notoriety,	8	409	16	13.875
so	8	410	16	5.25
that	8	411	16	1.59375
by	8	412	16	6.2265625
the	8	413	16	1.515625
mid	8	414	16	5.98046875
nineteen	8	415	16	7.484375
nineties,	8	416	16	10.5078125
strong	8	417	16	10.3125
majorities	8	418	16	15.8203125
in	8	419	16	3.5859375
polls,	8	420	16	12.53125
such	8	421	16	4.515625
as	8	422	16	0.1484375
a	8	423	16	3.6875
nineteen	8	424	16	9.828125
ninety-seven	8	425	16	7.85546875
CNN	8	426	16	12.625
Time	8	427	16	11.921875
poll,	8	428	16	9.4140625
believed	8	429	16	8.640625
that	8	430	16	1.328125
aliens	8	431	16	7.10546875
had	8	432	16	1.96875
visited	8	433	16	7.37109375
earth	8	434	16	11.390625
and	8	435	16	2.2421875
specifically	8	436	16	10.609375
that	8	437	16	6.0625
aliens	8	438	16	6.203125
had	8	439	16	0.8203125
landed	8	440	16	6.6484375
at	8	441	16	3.609375
Roswell	8	442	16	3.2421875
and	8	443	16	3.1328125
the	8	444	16	3.203125
government	8	445	16	6.4609375
was	8	446	16	3.0078125
covering	8	447	16	9.03125
up	8	448	16	2.984375
the	8	449	16	2.0
fact.	8	450	16	11.23828125
During	8	451	17	5.0234375
the	8	452	17	0.703125
nineteen	8	453	17	8.234375
eighties	8	454	17	5.703125
and	8	455	17	3.921875
nineteen	8	456	17	6.2890625
nineties,	8	457	17	11.6171875
a	8	458	17	3.953125
new	8	459	17	5.5703125
narrative	8	460	17	6.45703125
emerged	8	461	17	5.1328125
which	8	462	17	6.80859375
was	8	463	17	2.8203125
at	8	464	17	5.7109375
strong	8	465	17	10.640625
odds	8	466	17	7.37109375
with	8	467	17	1.8515625
what	8	468	17	5.58984375
was	8	469	17	1.8515625
reported	8	470	17	4.8984375
in	8	471	17	2.59375
nineteen	8	472	17	9.234375
forty-seven.	8	473	17	8.6640625
This	8	474	18	4.4609375
narrative	8	475	18	5.328125
evolved	8	476	18	6.765625
over	8	477	18	3.6953125
the	8	478	18	1.7265625
years	8	479	18	1.5234375
from	8	480	18	4.0703125
the	8	481	18	1.4140625
time	8	482	18	3.984375
the	8	483	18	3.1640625
first	8	484	18	4.5234375
book	8	485	18	6.23046875
on	8	486	18	4.4140625
Roswell	8	487	18	8.6875
was	8	488	18	2.1328125
published	8	489	18	3.9296875
in	8	490	18	1.4453125
nineteen	8	491	18	7.46875
eighty,	8	492	18	10.3828125
as	8	493	18	5.0703125
many	8	494	18	5.921875
new	8	495	18	6.96875
witnesses	8	496	18	7.24609375
and	8	497	18	3.53125
accounts	8	498	18	10.53125
emerged,	8	499	18	10.6796875
drawn	8	500	18	8.125
out	8	501	18	3.484375
in	8	502	18	2.5234375
part	8	503	18	7.86328125
by	8	504	18	1.8359375
the	8	505	18	1.0
publicity	8	506	18	9.578125
on	8	507	18	5.2578125
the	8	508	18	0.953125
incident.	8	509	18	6.87890625
Of	8	510	19	6.4921875
the	8	511	19	1.28125
hundreds	8	512	19	6.8828125
of	8	513	19	0.3046875
witnesses	8	514	19	6.41015625
that	8	515	19	4.6953125
the	8	516	19	2.734375
various	8	517	19	7.0859375
researchers	8	518	19	6.08203125
interviewed,	8	519	19	10.7421875
a	8	520	19	5.0625
seemingly	8	521	19	8.421875
impressive	8	522	19	8.5625
figure,	8	523	19	7.45703125
a	8	524	19	4.5
comparable	8	525	19	9.90625
few	8	526	19	8.34375
were	8	527	19	4.3828125
true	8	528	19	7.2421875
``witnesses''	8	529	19	29.1015625
who	8	530	19	3.125
claimed	8	531	19	4.2109375
to	8	532	19	0.6796875
have	8	533	19	0.5078125
actually	8	534	19	7.5234375
seen	8	535	19	3.6484375
debris	8	536	19	11.4921875
or	8	537	19	4.5625
aliens.	8	538	19	11.046875
Most	8	539	20	5.6328125
of	8	540	20	0.90625
these	8	541	20	2.046875
so-called	8	542	20	9.1796875
witnesses	8	543	20	6.8125
were	8	544	20	1.3828125
repeating	8	545	20	10.0078125
the	8	546	20	1.6953125
claims	8	547	20	7.30859375
of	8	548	20	1.703125
others,	8	549	20	7.1171875
and	8	550	20	1.46875
their	8	551	20	3.953125
testimony	8	552	20	2.6484375
would	8	553	20	3.9609375
be	8	554	20	1.453125
inadmissible	8	555	20	4.7890625
hearsay	8	556	20	5.4765625
in	8	557	20	3.1484375
an	8	558	20	4.96875
American	8	559	20	7.65625
court.	8	560	20	7.69921875
As	8	561	21	4.59375
for	8	562	21	3.265625
the	8	563	21	0.8671875
several	8	564	21	7.95703125
accounts	8	565	21	8.5078125
from	8	566	21	6.10546875
those	8	567	21	4.546875
who	8	568	21	1.609375
claimed	8	569	21	3.5703125
to	8	570	21	0.6328125
have	8	571	21	0.2265625
seen	8	572	21	3.9765625
aliens,	8	573	21	10.25
critics	8	574	21	8.125
identified	8	575	21	7.796875
a	8	576	21	2.9609375
variety	8	577	21	4.8515625
of	8	578	21	0.015625
problems	8	579	21	6.16796875
with	8	580	21	2.609375
them.	8	581	21	6.390625
These	8	582	22	4.734375
problems	8	583	22	4.9296875
ranged	8	584	22	7.41796875
from	8	585	22	0.4140625
the	8	586	22	2.015625
reliability	8	587	22	9.9453125
of	8	588	22	0.1484375
second-hand	8	589	22	14.078125
accounts,	8	590	22	7.26171875
to	8	591	22	4.328125
serious	8	592	22	10.421875
credibility	8	593	22	8.0546875
problems	8	594	22	6.17578125
with	8	595	22	3.59375
witnesses	8	596	22	7.62890625
making	8	597	22	7.5625
demonstrably	8	598	22	13.75
false	8	599	22	3.8125
or	8	600	22	5.9765625
internally-inconsistent	8	601	22	26.6015625
claims,	8	602	22	8.2578125
to	8	603	22	4.0078125
dubious	8	604	22	11.65625
death-bed	8	605	22	19.8984375
``confessions''	8	606	22	26.7421875
or	8	607	22	4.1328125
accounts	8	608	22	10.6796875
from	8	609	22	4.55859375
elderly	8	610	22	11.6015625
or	8	611	22	4.71875
easily	8	612	22	10.3671875
confused	8	613	22	7.47265625
witnesses.	8	614	22	7.0546875
A	8	615	23	4.1484375
basic	8	616	23	7.66015625
problem	8	617	23	4.484375
with	8	618	23	1.6171875
all	8	619	23	4.421875
the	8	620	23	1.6171875
witness	8	621	23	7.34765625
accounts,	8	622	23	8.19921875
according	8	623	23	5.7265625
to	8	624	23	-0.0
the	8	625	23	0.8359375
critics,	8	626	23	8.734375
is	8	627	23	1.3203125
that	8	628	23	1.2578125
they	8	629	23	2.7890625
all	8	630	23	5.515625
came	8	631	23	5.359375
a	8	632	23	5.4765625
minimum	8	633	23	10.375
of	8	634	23	1.5078125
thirty-one	8	635	23	8.3828125
years	8	636	23	2.2421875
after	8	637	23	3.328125
the	8	638	23	1.1328125
events	8	639	23	6.51171875
in	8	640	23	3.4609375
question,	8	641	23	7.2578125
and	8	642	23	1.09375
in	8	643	23	3.3828125
many	8	644	23	4.375
cases	8	645	23	0.6640625
were	8	646	23	7.40625
recounted	8	647	23	9.234375
more	8	648	23	7.30078125
than	8	649	23	1.3515625
forty	8	650	23	3.96875
years	8	651	23	1.1875
after	8	652	23	1.5078125
the	8	653	23	0.265625
fact.	8	654	23	8.78515625
Not	8	655	24	6.828125
only	8	656	24	1.40625
are	8	657	24	6.28125
memories	8	658	24	10.0546875
this	8	659	24	8.953125
old	8	660	24	7.3984375
of	8	661	24	6.453125
dubious	8	662	24	9.28125
reliability,	8	663	24	11.953125
they	8	664	24	5.984375
were	8	665	24	2.109375
also	8	666	24	3.6953125
subject	8	667	24	5.72265625
to	8	668	24	0.0625
contamination	8	669	24	7.5703125
from	8	670	24	4.21875
other	8	671	24	3.171875
accounts	8	672	24	6.57421875
the	8	673	24	8.140625
witnesses	8	674	24	8.3125
may	8	675	24	6.54296875
have	8	676	24	1.453125
been	8	677	24	1.3203125
exposed	8	678	24	5.7578125
to.	8	679	24	6.06640625
Though	8	680	25	7.19140625
there	8	681	25	3.625
had	8	682	25	3.8515625
always	8	683	25	6.3984375
been	8	684	25	0.0703125
skeptics	8	685	25	14.671875
who	8	686	25	3.9453125
had	8	687	25	1.859375
many	8	688	25	7.47265625
objections	8	689	25	8.109375
to	8	690	25	1.1953125
the	8	691	25	0.8515625
plausibility	8	692	25	9.9296875
of	8	693	25	0.2421875
these	8	694	25	3.984375
accounts,	8	695	25	5.6328125
it	8	696	25	2.2421875
was	8	697	25	1.09375
not	8	698	25	2.4609375
until	8	699	25	5.1484375
the	8	700	25	1.265625
mid	8	701	25	6.203125
nineteen	8	702	25	5.3359375
nineties	8	703	25	9.171875
that	8	704	25	3.03125
a	8	705	25	5.5234375
strong	8	706	25	7.7890625
counter-argument	8	707	25	18.7890625
to	8	708	25	4.390625
the	8	709	25	0.765625
presence	8	710	25	6.03125
of	8	711	25	0.203125
aliens	8	712	25	5.8671875
was	8	713	25	2.6015625
widely	8	714	25	8.5
publicized.	8	715	25	10.671875
The	8	716	26	2.125
General	8	717	26	9.5390625
Accounting	8	718	26	10.671875
Office	8	719	26	2.484375
launched	8	720	26	7.25
an	8	721	26	2.6484375
inquiry	8	722	26	5.2734375
and	8	723	26	4.1640625
directed	8	724	26	5.99609375
the	8	725	26	1.1171875
Office	8	726	26	7.3671875
of	8	727	26	1.6171875
the	8	728	26	0.53125
Secretary	8	729	26	5.28125
of	8	730	26	0.578125
the	8	731	26	0.9765625
Air	8	732	26	6.76953125
Force	8	733	26	0.7734375
to	8	734	26	1.734375
conduct	8	735	26	5.0
an	8	736	26	3.265625
internal	8	737	26	7.26171875
investigation.	8	738	26	2.625
The	8	739	27	1.5
result	8	740	27	6.921875
was	8	741	27	0.9375
summarized	8	742	27	7.65625
in	8	743	27	0.9140625
two	8	744	27	4.4921875
reports.	8	745	27	6.7890625
The	8	746	28	1.3203125
first,	8	747	28	7.59375
released	8	748	28	8.4375
in	8	749	28	2.6484375
nineteen	8	750	28	7.6875
ninety-five,	8	751	28	8.84375
concluded	8	752	28	8.7421875
that	8	753	28	1.1328125
the	8	754	28	0.84375
reported	8	755	28	8.40625
recovered	8	756	28	9.0625
material	8	757	28	8.4609375
in	8	758	28	4.671875
nineteen	8	759	28	8.6015625
forty-seven	8	760	28	5.671875
was	8	761	28	5.3828125
likely	8	762	28	6.98828125
debris	8	763	28	13.0859375
from	8	764	28	2.71875
a	8	765	28	3.1015625
secret	8	766	28	8.3359375
government	8	767	28	6.703125
program	8	768	28	8.03125
called	8	769	28	3.03125
Project	8	770	28	10.9375
Mogul,	8	771	28	11.93359375
which	8	772	28	2.5078125
involved	8	773	28	5.7578125
high	8	774	28	8.4296875
altitude	8	775	28	8.234375
balloons	8	776	28	8.765625
meant	8	777	28	10.921875
to	8	778	28	1.3828125
detect	8	779	28	7.1640625
sound	8	780	28	7.87890625
waves	8	781	28	5.625
generated	8	782	28	7.02734375
by	8	783	28	0.8203125
Soviet	8	784	28	10.140625
atomic	8	785	28	7.296875
bomb	8	786	28	2.1015625
tests	8	787	28	4.77734375
and	8	788	28	2.8125
ballistic	8	789	28	9.578125
missiles.	8	790	28	1.8984375
The	8	791	29	1.21875
second	8	792	29	2.65625
report,	8	793	29	7.078125
released	8	794	29	4.4453125
two	8	795	29	6.140625
years	8	796	29	4.85546875
later,	8	797	29	1.6015625
in	8	798	29	5.21875
nineteen	8	799	29	6.28125
ninety-seven,	8	800	29	8.109375
concluded	8	801	29	6.0078125
that	8	802	29	0.5078125
reports	8	803	29	9.1796875
of	8	804	29	2.515625
recovered	8	805	29	9.5703125
alien	8	806	29	8.296875
bodies	8	807	29	5.1171875
were	8	808	29	0.8828125
likely	8	809	29	6.3828125
a	8	810	29	5.74609375
combination	8	811	29	6.2421875
of	8	812	29	0.109375
innocently	8	813	29	12.796875
transformed	8	814	29	7.703125
memories	8	815	29	6.2578125
of	8	816	29	1.84375
military	8	817	29	7.54296875
accidents	8	818	29	7.02734375
involving	8	819	29	5.9609375
injured	8	820	29	9.078125
or	8	821	29	4.4375
killed	8	822	29	3.890625
personnel,	8	823	29	10.1328125
innocently	8	824	29	11.90625
transformed	8	825	29	5.0234375
memories	8	826	29	0.4921875
of	8	827	29	0.203125
the	8	828	29	1.4296875
recovery	8	829	29	9.421875
of	8	830	29	1.265625
anthropomorphic	8	831	29	13.8046875
dummies	8	832	29	13.8046875
in	8	833	29	2.953125
military	8	834	29	8.171875
programs	8	835	29	8.7890625
US	8	836	29	13.4765625
conducted	8	837	29	8.7578125
in	8	838	29	2.0546875
the	8	839	29	2.1328125
nineteen	8	840	29	8.7890625
fifties,	8	841	29	16.2890625
and	8	842	29	1.6484375
hoaxes	8	843	29	14.953125
that	8	844	29	2.96875
various	8	845	29	8.671875
witnesses	8	846	29	6.24609375
and	8	847	29	3.953125
UFO	8	848	29	10.09375
proponents	8	849	29	12.09375
perpetrated.	8	850	29	15.4140625
The	8	851	30	1.359375
psychological	8	852	30	10.4921875
effects	8	853	30	4.859375
of	8	854	30	0.515625
time	8	855	30	7.1484375
compression	8	856	30	13.2734375
and	8	857	30	2.0390625
confusion	8	858	30	5.91015625
about	8	859	30	5.3359375
when	8	860	30	7.203125
events	8	861	30	7.7890625
occurred	8	862	30	1.0703125
explained	8	863	30	11.9921875
the	8	864	30	1.734375
discrepancy	8	865	30	7.22265625
with	8	866	30	3.96875
the	8	867	30	1.0546875
years	8	868	30	9.921875
in	8	869	30	2.921875
question.	8	870	30	2.6796875
In	8	871	31	2.890625
January	8	872	31	5.6015625
nineteen	8	873	31	7.9296875
ninety-seven,	8	874	31	8.94140625
Karl	8	875	31	11.125
Pflock,	8	876	31	20.484375
one	8	877	31	4.390625
of	8	878	31	0.8828125
the	8	879	31	0.4296875
more	8	880	31	5.0703125
prominent	8	881	31	3.8671875
pro-UFO	8	882	31	26.953125
researchers,	8	883	31	9.6953125
said,	8	884	31	4.7578125
``Based	8	885	31	19.6015625
on	8	886	31	0.3046875
my	8	887	31	5.65234375
research	8	888	31	5.41796875
and	8	889	31	3.2890625
that	8	890	31	5.046875
of	8	891	31	4.03125
others,	8	892	31	6.9921875
I'm	8	893	31	5.7734375
as	8	894	31	7.3046875
certain	8	895	31	7.51953125
as	8	896	31	0.9765625
it's	8	897	31	6.7890625
possible	8	898	31	2.4609375
to	8	899	31	1.6875
be	8	900	31	3.5703125
without	8	901	31	7.265625
absolute	8	902	31	9.546875
proof,	8	903	31	8.37109375
that	8	904	31	3.890625
no	8	905	31	5.77734375
flying	8	906	31	9.84375
saucer	8	907	31	8.265625
or	8	908	31	4.9453125
saucers	8	909	31	17.828125
crashed	8	910	31	8.34375
in	8	911	31	2.203125
the	8	912	31	0.9296875
general	8	913	31	8.390625
vicinity	8	914	31	6.08203125
of	8	915	31	0.6328125
Roswell	8	916	31	7.26953125
or	8	917	31	4.25390625
on	8	918	31	5.875
the	8	919	31	0.96875
Plains	8	920	31	11.6875
of	8	921	31	1.4296875
San	8	922	31	6.6640625
Agustin	8	923	31	17.07421875
in	8	924	31	4.87109375
nineteen	8	925	31	8.734375
forty-seven.''	8	926	31	15.375
He	8	927	32	3.8515625
then	8	928	32	4.09375
added,	8	929	32	7.2734375
``The	8	930	32	5.3359375
debris	8	931	32	11.53125
found	8	932	32	6.87890625
was	8	933	32	5.91796875
the	8	934	32	3.1171875
remains	8	935	32	8.6796875
of	8	936	32	0.2734375
something	8	937	32	7.41796875
very	8	938	32	4.4140625
earthly,	8	939	32	15.6171875
all	8	940	32	6.921875
but	8	941	32	4.5234375
certainly	8	942	32	6.44140625
something	8	943	32	5.921875
from	8	944	32	4.8671875
the	8	945	32	1.1953125
Top	8	946	32	12.0234375
Secret	8	947	32	5.3515625
Project	8	948	32	8.0703125
Mogul.''	8	949	32	9.65625
Although	8	950	33	6.82421875
most	8	951	33	5.1484375
now	8	952	33	8.4375
agree	8	953	33	9.890625
with	8	954	33	1.4921875
this	8	955	33	3.0546875
conclusion,	8	956	33	6.27734375
each	8	957	33	6.6484375
year,	8	958	33	7.1171875
during	8	959	33	5.95703125
July	8	960	33	7.3046875
Fourth	8	961	33	13.5
weekend,	8	962	33	13.7109375
the	8	963	33	1.5546875
City	8	964	33	7.18359375
of	8	965	33	0.828125
Roswell	8	966	33	8.1875
hosts	8	967	33	9.6015625
the	8	968	33	1.671875
Roswell	8	969	33	9.8671875
UFO	8	970	33	9.5234375
Festival	8	971	33	7.85546875
celebrating	8	972	33	7.8984375
all	8	973	33	5.81640625
things	8	974	33	6.203125
UFO,	8	975	33	15.84375
featuring	8	976	33	6.828125
prominent	8	977	33	7.70703125
UFOlogists	8	978	33	24.3828125
and	8	979	33	1.875
discussions.	8	980	33	10.23046875
Tulip	9	1	1	21.76953125
mania	9	2	1	14.48046875
was	9	3	1	6.69921875
a	9	4	1	2.2578125
period	9	5	1	8.65625
in	9	6	1	3.640625
the	9	7	1	1.921875
Dutch	9	8	1	7.74609375
Golden	9	9	1	8.96875
Age	9	10	1	3.5859375
during	9	11	1	7.25390625
which	9	12	1	5.21875
contract	9	13	1	12.8984375
prices	9	14	1	8.9453125
for	9	15	1	4.0234375
bulbs	9	16	1	14.375
of	9	17	1	5.015625
the	9	18	1	2.8203125
recently	9	19	1	8.171875
introduced	9	20	1	4.7890625
tulip	9	21	1	16.3828125
reached	9	22	1	9.953125
extraordinarily	9	23	1	15.875
high	9	24	1	1.578125
levels	9	25	1	2.46875
and	9	26	1	3.984375
then	9	27	1	5.1953125
suddenly	9	28	1	6.89453125
collapsed.	9	29	1	7.91015625
At	9	30	2	5.1015625
the	9	31	2	0.7109375
peak	9	32	2	6.4375
of	9	33	2	0.7421875
tulip	9	34	2	6.68359375
mania	9	35	2	10.0625
in	9	36	2	3.4140625
February	9	37	2	5.390625
sixteen	9	38	2	11.3046875
thirty-seven,	9	39	2	17.2265625
tulip	9	40	2	8.13671875
contracts	9	41	2	14.328125
sold	9	42	2	5.8125
for	9	43	2	2.65625
more	9	44	2	5.0703125
than	9	45	2	0.28125
ten	9	46	2	3.546875
times	9	47	2	4.640625
the	9	48	2	4.21875
annual	9	49	2	7.796875
income	9	50	2	4.90234375
of	9	51	2	1.7265625
a	9	52	2	3.140625
skilled	9	53	2	10.03125
craftsman.	9	54	2	10.3828125
It	9	55	3	3.90625
is	9	56	3	2.828125
generally	9	57	3	6.80078125
considered	9	58	3	4.1015625
the	9	59	3	1.859375
first	9	60	3	3.0078125
recorded	9	61	3	8.125
economic	9	62	3	8.21875
bubble.	9	63	3	11.328125
The	9	64	4	1.8203125
tulip,	9	65	4	10.359375
introduced	9	66	4	9.125
to	9	67	4	3.421875
Europe	9	68	4	8.6875
in	9	69	4	2.8125
the	9	70	4	2.0859375
mid	9	71	4	4.6875
sixteenth	9	72	4	10.0078125
century	9	73	4	0.140625
from	9	74	4	6.1953125
the	9	75	4	1.203125
Ottoman	9	76	4	7.87109375
Empire,	9	77	4	1.5625
became	9	78	4	4.796875
very	9	79	4	4.9765625
popular	9	80	4	2.921875
in	9	81	4	1.890625
the	9	82	4	0.5
United	9	83	4	4.578125
Provinces,	9	84	4	19.3828125
which	9	85	4	3.734375
we	9	86	4	6.04296875
now	9	87	4	4.6953125
know	9	88	4	2.78125
as	9	89	4	4.6484375
the	9	90	4	1.5859375
Netherlands.	9	91	4	10.21875
Tulip	9	92	5	13.0234375
cultivation	9	93	5	11.7890625
in	9	94	5	2.078125
the	9	95	5	1.0390625
United	9	96	5	4.2109375
Provinces	9	97	5	1.09375
is	9	98	5	3.28125
generally	9	99	5	6.22265625
thought	9	100	5	4.4921875
to	9	101	5	0.8046875
have	9	102	5	1.4453125
started	9	103	5	6.59765625
in	9	104	5	2.8828125
earnest	9	105	5	6.98046875
around	9	106	5	7.6640625
fifteen	9	107	5	6.87109375
ninety-three,	9	108	5	16.984375
after	9	109	5	5.5
the	9	110	5	1.7109375
Flemish	9	111	5	13.484375
botanist	9	112	5	10.34375
Charles	9	113	5	8.09375
de	9	114	5	4.765625
l'Ecluse	9	115	5	26.85546875
had	9	116	5	5.40625
taken	9	117	5	4.953125
up	9	118	5	3.015625
a	9	119	5	2.8046875
post	9	120	5	7.43359375
at	9	121	5	4.95703125
the	9	122	5	1.2265625
University	9	123	5	5.2734375
of	9	124	5	0.109375
Leiden	9	125	5	11.1953125
and	9	126	5	3.7109375
established	9	127	5	7.25390625
a	9	128	5	1.46875
botanical	9	129	5	11.1171875
garden,	9	130	5	8.1015625
which	9	131	5	2.359375
is	9	132	5	2.6328125
famous	9	133	5	6.8671875
as	9	134	5	2.3828125
one	9	135	5	4.65625
of	9	136	5	0.359375
the	9	137	5	0.21875
oldest	9	138	5	3.84375
in	9	139	5	3.0546875
the	9	140	5	1.03125
world.	9	141	5	2.578125
There,	9	142	6	7.6953125
he	9	143	6	4.2421875
planted	9	144	6	7.68359375
his	9	145	6	3.6171875
collection	9	146	6	6.80078125
of	9	147	6	0.546875
tulip	9	148	6	5.375
bulbs	9	149	6	9.0390625
that	9	150	6	3.5703125
the	9	151	6	4.8828125
Emperor's	9	152	6	12.75
ambassador	9	153	6	10.375
sent	9	154	6	7.65234375
to	9	155	6	2.4375
him	9	156	6	3.3828125
from	9	157	6	5.0078125
Turkey,	9	158	6	9.48046875
which	9	159	6	3.25
were	9	160	6	3.8125
able	9	161	6	6.62109375
to	9	162	6	0.015625
tolerate	9	163	6	8.1171875
the	9	164	6	1.4609375
harsher	9	165	6	13.96875
conditions	9	166	6	7.66796875
of	9	167	6	2.3046875
the	9	168	6	0.671875
northern	9	169	6	6.6640625
climate.	9	170	6	7.56640625
It	9	171	7	3.1015625
was	9	172	7	0.796875
shortly	9	173	7	8.609375
thereafter	9	174	7	2.6328125
that	9	175	7	2.8515625
the	9	176	7	1.3359375
tulips	9	177	7	12.47265625
began	9	178	7	6.1953125
to	9	179	7	0.5703125
grow	9	180	7	3.3984375
in	9	181	7	2.1484375
popularity.	9	182	7	8.17578125
The	9	183	8	1.9375
flower	9	184	8	8.9140625
rapidly	9	185	8	12.5234375
became	9	186	8	2.3125
a	9	187	8	1.9609375
coveted	9	188	8	9.6171875
luxury	9	189	8	8.625
item	9	190	8	9.5625
and	9	191	8	3.2890625
a	9	192	8	3.1640625
status	9	193	8	10.828125
symbol,	9	194	8	10.78125
and	9	195	8	1.8984375
a	9	196	8	3.453125
profusion	9	197	8	12.671875
of	9	198	8	1.0078125
varieties	9	199	8	9.8671875
followed.	9	200	8	10.8984375
They	9	201	9	5.3828125
were	9	202	9	1.953125
classified	9	203	9	9.0
in	9	204	9	3.8046875
groups:	9	205	9	11.4140625
one-colored	9	206	9	16.2109375
tulips	9	207	9	8.19140625
of	9	208	9	3.3671875
red,	9	209	9	8.74609375
yellow,	9	210	9	3.3828125
or	9	211	9	3.9453125
white	9	212	9	3.3671875
were	9	213	9	6.90625
known	9	214	9	6.13671875
as	9	215	9	1.3125
Couleren,	9	216	9	27.40234375
but	9	217	9	3.4609375
it	9	218	9	3.171875
was	9	219	9	0.578125
the	9	220	9	3.4140625
multicolored	9	221	9	13.5859375
Rosen	9	222	9	16.578125
-LRB-red	9	223	9	41.55859375
or	9	224	9	5.25390625
pink	9	225	9	5.234375
on	9	226	9	5.2734375
white	9	227	9	5.62890625
background-RRB-,	9	228	9	39.20703125
Violetten	9	229	9	21.96875
-LRB-purple	9	230	9	14.20703125
or	9	231	9	5.54296875
lilac	9	232	9	15.109375
on	9	233	9	7.96484375
white	9	234	9	1.515625
background-RRB-,	9	235	9	3.171875
and,	9	236	9	9.4453125
to	9	237	9	4.9140625
a	9	238	9	3.71875
lesser	9	239	9	4.5703125
extent,	9	240	9	1.8984375
the	9	241	9	2.859375
Bizarden	9	242	9	26.125
-LRB-red,	9	243	9	9.359375
brown	9	244	9	8.078125
or	9	245	9	4.1484375
purple	9	246	9	3.0
on	9	247	9	3.3828125
yellow	9	248	9	3.7421875
background-RRB-	9	249	9	2.4609375
that	9	250	9	12.203125
were	9	251	9	4.015625
the	9	252	9	3.6015625
most	9	253	9	2.484375
popular.	9	254	9	4.7734375
These	9	255	10	4.9921875
spectacular	9	256	10	9.546875
and	9	257	10	4.3125
highly	9	258	10	5.890625
sought-after	9	259	10	12.15625
tulip	9	260	10	7.10546875
bulbs	9	261	10	7.8046875
would	9	262	10	4.625
grow	9	263	10	5.6640625
flowers	9	264	10	9.0625
with	9	265	10	3.421875
vivid	9	266	10	7.8671875
colors,	9	267	10	4.375
lines,	9	268	10	10.4765625
and	9	269	10	0.828125
flames	9	270	10	9.40625
on	9	271	10	4.6796875
the	9	272	10	1.2890625
petals,	9	273	10	12.71875
as	9	274	10	3.5859375
a	9	275	10	3.71875
result,	9	276	10	5.328125
it	9	277	10	5.1640625
is	9	278	10	2.984375
now	9	279	10	4.2578125
understood,	9	280	10	10.15625
of	9	281	10	4.8671875
being	9	282	10	5.6484375
infected	9	283	10	10.125
with	9	284	10	0.671875
tulip-specific	9	285	10	16.83984375
virus	9	286	10	9.515625
known	9	287	10	7.9140625
as	9	288	10	0.0625
the	9	289	10	3.5
``Tulip	9	290	10	19.2109375
breaking	9	291	10	11.296875
virus''.	9	292	10	13.73046875
The	9	293	11	1.6484375
Dutch	9	294	11	7.84375
Golden	9	295	11	4.62890625
Age	9	296	11	0.0390625
growers	9	297	11	13.46875
named	9	298	11	7.28515625
their	9	299	11	4.93359375
new	9	300	11	4.1953125
varieties	9	301	11	7.47265625
with	9	302	11	3.953125
exalted	9	303	11	11.515625
titles.	9	304	11	12.0390625
Many	9	305	12	5.4609375
early	9	306	12	7.07421875
forms	9	307	12	7.0
were	9	308	12	2.59375
prefixed	9	309	12	11.8515625
with	9	310	12	1.2734375
``admiral'',	9	311	12	30.19140625
often	9	312	12	6.71484375
combined	9	313	12	6.91796875
with	9	314	12	0.125
the	9	315	12	2.03125
growers'	9	316	12	14.765625
names.	9	317	12	7.86328125
``General''	9	318	13	19.421875
was	9	319	13	4.15625
another	9	320	13	7.515625
prefix	9	321	13	9.40625
that	9	322	13	2.4921875
found	9	323	13	5.66796875
its	9	324	13	4.15625
way	9	325	13	2.90625
into	9	326	13	1.7890625
the	9	327	13	1.21875
names	9	328	13	8.078125
of	9	329	13	0.9375
around	9	330	13	9.125
thirty	9	331	13	5.515625
varieties.	9	332	13	8.78125
Later	9	333	14	7.7578125
came	9	334	14	8.203125
varieties	9	335	14	10.421875
with	9	336	14	2.9453125
even	9	337	14	8.4453125
more	9	338	14	2.296875
superb	9	339	14	10.6875
names,	9	340	14	6.90625
such	9	341	14	3.53125
as	9	342	14	0.3828125
even	9	343	14	8.640625
``Admiral	9	344	14	23.421875
of	9	345	14	8.625
Admirals''	9	346	14	23.79296875
and	9	347	14	2.0
``General	9	348	14	9.45703125
of	9	349	14	8.921875
Generals''.	9	350	14	13.84375
Most	9	351	15	6.03515625
of	9	352	15	1.8203125
these	9	353	15	2.0859375
varieties	9	354	15	3.9296875
have	9	355	15	2.34375
now	9	356	15	6.52734375
died	9	357	15	6.89453125
out,	9	358	15	8.13671875
though	9	359	15	3.9296875
similar	9	360	15	8.609375
``broken''	9	361	15	23.390625
tulips	9	362	15	9.3515625
continue	9	363	15	9.046875
in	9	364	15	3.7421875
the	9	365	15	1.1015625
trade.	9	366	15	10.8515625
Tulips	9	367	16	16.703125
grow	9	368	16	5.06640625
from	9	369	16	5.421875
bulbs,	9	370	16	15.390625
and	9	371	16	2.5703125
can	9	372	16	5.6953125
be	9	373	16	1.5703125
propagated	9	374	16	8.2578125
through	9	375	16	2.609375
both	9	376	16	6.32421875
seeds	9	377	16	5.6484375
and	9	378	16	1.6796875
buds.	9	379	16	8.390625
Seeds	9	380	17	11.26953125
from	9	381	17	4.27734375
a	9	382	17	3.75
tulip	9	383	17	6.8828125
will	9	384	17	5.34375
form	9	385	17	5.4609375
a	9	386	17	1.078125
flowering	9	387	17	7.0390625
bulb	9	388	17	7.67578125
after	9	389	17	6.61328125
seven-twelve	9	390	17	20.62890625
years.	9	391	17	3.1015625
When	9	392	18	4.96875
a	9	393	18	3.1875
bulb	9	394	18	8.4296875
grows	9	395	18	4.8671875
into	9	396	18	4.46875
the	9	397	18	1.3125
flower,	9	398	18	5.3671875
the	9	399	18	1.84375
original	9	400	18	7.546875
bulb	9	401	18	7.046875
will	9	402	18	1.2578125
disappear,	9	403	18	8.375
but	9	404	18	3.9296875
a	9	405	18	3.625
clone	9	406	18	9.9609375
bulb	9	407	18	13.0546875
forms	9	408	18	9.65625
in	9	409	18	4.2890625
its	9	410	18	3.921875
place,	9	411	18	7.47265625
as	9	412	18	3.734375
do	9	413	18	7.9609375
several	9	414	18	8.65625
buds.	9	415	18	9.73046875
Properly	9	416	19	18.046875
cultivated,	9	417	19	9.72265625
these	9	418	19	5.078125
buds	9	419	19	5.359375
will	9	420	19	1.4609375
become	9	421	19	3.375
bulbs	9	422	19	11.234375
of	9	423	19	3.6328125
their	9	424	19	5.65234375
own.	9	425	19	4.484375
The	9	426	20	2.4296875
``tulip	9	427	20	15.3828125
breaking''	9	428	20	16.1171875
virus,	9	429	20	15.125
which	9	430	20	1.96875
many	9	431	20	8.7578125
botanists	9	432	20	9.7890625
have	9	433	20	2.3359375
studied,	9	434	20	9.34765625
spreads	9	435	20	9.5
only	9	436	20	7.6796875
through	9	437	20	2.9453125
buds,	9	438	20	10.5
not	9	439	20	7.15234375
seeds,	9	440	20	7.62890625
and	9	441	20	1.109375
so	9	442	20	5.1875
cultivating	9	443	20	11.5078125
the	9	444	20	1.796875
most	9	445	20	5.6015625
appealing	9	446	20	7.44140625
varieties	9	447	20	4.9765625
takes	9	448	20	10.640625
years.	9	449	20	7.3671875
Propagation	9	450	21	15.828125
is	9	451	21	1.7265625
greatly	9	452	21	7.203125
slowed	9	453	21	7.18359375
down	9	454	21	1.8828125
by	9	455	21	2.515625
the	9	456	21	1.8125
virus.	9	457	21	10.59375
Tulips	9	458	22	12.1328125
bloom	9	459	22	6.9140625
in	9	460	22	1.2890625
April	9	461	22	7.1953125
and	9	462	22	2.1328125
May	9	463	22	3.5859375
for	9	464	22	5.59765625
about	9	465	22	5.078125
a	9	466	22	3.7734375
week,	9	467	22	4.171875
and	9	468	22	2.578125
the	9	469	22	2.15625
secondary	9	470	22	9.078125
buds	9	471	22	7.1875
appear	9	472	22	6.4375
shortly	9	473	22	9.5625
thereafter.	9	474	22	3.6953125
Bulbs	9	475	23	16.42578125
can	9	476	23	3.9296875
be	9	477	23	0.703125
uprooted	9	478	23	15.78515625
and	9	479	23	2.203125
moved	9	480	23	6.78125
about	9	481	23	6.140625
from	9	482	23	5.0
June	9	483	23	7.125
to	9	484	23	0.4921875
September,	9	485	23	5.296875
and	9	486	23	2.0546875
thus	9	487	23	6.41015625
actual	9	488	23	12.5859375
purchases	9	489	23	11.59375
occurred	9	490	23	6.3125
during	9	491	23	3.6875
these	9	492	23	5.0078125
months.	9	493	23	5.640625
As	9	494	24	4.328125
the	9	495	24	1.7421875
flowers	9	496	24	6.4453125
grew	9	497	24	4.84375
in	9	498	24	2.8828125
popularity,	9	499	24	7.4296875
professional	9	500	24	12.1171875
growers	9	501	24	7.62890625
paid	9	502	24	7.37109375
higher	9	503	24	5.98046875
and	9	504	24	3.671875
higher	9	505	24	3.1015625
prices	9	506	24	3.21875
for	9	507	24	2.1171875
bulbs	9	508	24	7.859375
with	9	509	24	4.9296875
the	9	510	24	2.4296875
virus.	9	511	24	9.6953125
By	9	512	25	5.2578125
sixteen	9	513	25	10.28125
thirty-four,	9	514	25	11.16015625
in	9	515	25	4.75
part	9	516	25	6.0546875
as	9	517	25	6.28515625
a	9	518	25	2.109375
result	9	519	25	2.078125
of	9	520	25	2.9609375
demand	9	521	25	9.890625
from	9	522	25	3.625
the	9	523	25	1.25
French,	9	524	25	10.8515625
speculators	9	525	25	13.0703125
began	9	526	25	5.453125
to	9	527	25	0.4609375
enter	9	528	25	7.0625
the	9	529	25	0.9921875
market.	9	530	25	6.453125
In	9	531	26	3.1171875
sixteen	9	532	26	9.328125
thirty-six,	9	533	26	6.4921875
the	9	534	26	1.4921875
Dutch	9	535	26	5.0234375
created	9	536	26	9.4375
a	9	537	26	1.09375
type	9	538	26	7.19140625
of	9	539	26	0.1484375
formal	9	540	26	10.078125
futures	9	541	26	11.171875
markets,	9	542	26	9.578125
which	9	543	26	2.59375
merchants	9	544	26	11.6953125
used	9	545	26	5.015625
to	9	546	26	1.25
sell	9	547	26	2.9296875
and	9	548	26	3.9375
buy	9	549	26	3.96875
contracts	9	550	26	7.58984375
to	9	551	26	3.40625
buy	9	552	26	2.3671875
bulbs	9	553	26	11.2578125
at	9	554	26	3.8515625
the	9	555	26	1.109375
end	9	556	26	3.6953125
of	9	557	26	0.296875
the	9	558	26	0.828125
season.	9	559	26	3.7578125
Traders	9	560	27	10.2109375
met	9	561	27	7.6640625
at	9	562	27	3.8671875
taverns	9	563	27	17.70703125
and	9	564	27	2.2421875
buyers	9	565	27	9.2890625
were	9	566	27	3.953125
required	9	567	27	6.15625
to	9	568	27	0.2578125
pay	9	569	27	3.515625
a	9	570	27	3.3671875
fee	9	571	27	2.984375
per	9	572	27	5.15625
trade.	9	573	27	9.390625
People	9	574	28	8.8203125
were	9	575	28	2.375
purchasing	9	576	28	8.828125
bulbs	9	577	28	9.015625
at	9	578	28	2.125
higher	9	579	28	7.7734375
and	9	580	28	4.1484375
higher	9	581	28	4.015625
prices,	9	582	28	2.3046875
intending	9	583	28	10.2734375
to	9	584	28	0.2109375
re-sell	9	585	28	12.84375
them	9	586	28	1.796875
for	9	587	28	3.640625
a	9	588	28	2.8359375
profit.	9	589	28	7.64453125
However,	9	590	29	5.0625
such	9	591	29	4.53125
a	9	592	29	1.8515625
scheme	9	593	29	6.24609375
could	9	594	29	2.3515625
not	9	595	29	2.0859375
last	9	596	29	8.609375
unless	9	597	29	7.05078125
someone	9	598	29	5.9453125
was	9	599	29	2.6796875
ultimately	9	600	29	9.0390625
willing	9	601	29	5.5
to	9	602	29	0.0703125
pay	9	603	29	1.640625
such	9	604	29	5.5625
high	9	605	29	6.34765625
prices	9	606	29	1.03125
and	9	607	29	3.5703125
take	9	608	29	6.4453125
possession	9	609	29	6.45703125
of	9	610	29	0.8671875
the	9	611	29	1.0703125
bulbs.	9	612	29	11.234375
In	9	613	30	2.9453125
February	9	614	30	5.125
sixteen	9	615	30	9.28125
thirty-seven,	9	616	30	8.2578125
tulip	9	617	30	8.0546875
traders	9	618	30	6.28125
could	9	619	30	4.4609375
no	9	620	30	6.2890625
longer	9	621	30	0.546875
find	9	622	30	5.5234375
new	9	623	30	6.703125
buyers	9	624	30	5.21484375
willing	9	625	30	6.015625
to	9	626	30	0.0625
pay	9	627	30	0.5
increasingly	9	628	30	11.21875
inflated	9	629	30	7.828125
prices	9	630	30	0.578125
for	9	631	30	1.890625
their	9	632	30	2.40625
bulbs.	9	633	30	11.0625
As	9	634	31	4.4765625
this	9	635	31	4.828125
realization	9	636	31	10.6328125
set	9	637	31	7.39453125
in,	9	638	31	9.203125
the	9	639	31	1.4296875
demand	9	640	31	6.19921875
for	9	641	31	1.34375
tulips	9	642	31	9.9375
collapsed,	9	643	31	11.6171875
and	9	644	31	1.8671875
prices	9	645	31	5.6328125
plummeted.	9	646	31	12.01171875
The	9	647	32	2.1328125
speculative	9	648	32	11.359375
bubble	9	649	32	7.30078125
burst.	9	650	32	10.23828125
Some	9	651	33	5.53125
were	9	652	33	4.2109375
left	9	653	33	6.0703125
holding	9	654	33	9.2734375
contracts	9	655	33	8.2421875
to	9	656	33	2.875
purchase	9	657	33	4.578125
tulips	9	658	33	8.390625
at	9	659	33	4.1484375
prices	9	660	33	6.125
now	9	661	33	7.4609375
ten	9	662	33	8.7265625
times	9	663	33	1.8359375
greater	9	664	33	7.26171875
than	9	665	33	0.984375
those	9	666	33	4.2265625
on	9	667	33	4.625
the	9	668	33	0.703125
open	9	669	33	8.5625
market,	9	670	33	3.859375
while	9	671	33	3.53125
others	9	672	33	2.0859375
found	9	673	33	5.109375
themselves	9	674	33	2.3359375
in	9	675	33	2.140625
possession	9	676	33	8.0078125
of	9	677	33	0.8984375
bulbs	9	678	33	11.453125
now	9	679	33	6.94921875
worth	9	680	33	6.3828125
a	9	681	33	2.90625
fraction	9	682	33	5.93359375
of	9	683	33	0.5
the	9	684	33	1.1171875
price	9	685	33	2.1484375
they	9	686	33	4.40625
had	9	687	33	2.484375
paid.	9	688	33	6.4296875
The	9	689	34	2.0703125
event	9	690	34	9.09375
was	9	691	34	1.3828125
popularized	9	692	34	14.1171875
in	9	693	34	2.3046875
eighteen	9	694	34	10.8671875
forty-one	9	695	34	9.25
by	9	696	34	6.6796875
the	9	697	34	1.546875
book	9	698	34	7.98046875
``Extraordinary	9	699	34	24.328125
Popular	9	700	34	10.1953125
Delusions	9	701	34	14.375
and	9	702	34	3.5546875
the	9	703	34	2.8828125
Madness	9	704	34	10.8125
of	9	705	34	1.015625
Crowds'',	9	706	34	18.26171875
that	9	707	34	4.5
a	9	708	34	5.2109375
British	9	709	34	6.5703125
journalist	9	710	34	8.4921875
Charles	9	711	34	8.59375
Mackay	9	712	34	12.4296875
wrote.	9	713	34	6.796875
That	9	714	35	5.6171875
crowds	9	715	35	10.8671875
of	9	716	35	2.9375
people	9	717	35	4.3828125
often	9	718	35	6.6015625
behave	9	719	35	10.171875
irrationally	9	720	35	14.203125
was	9	721	35	10.875
the	9	722	35	2.75
main	9	723	35	5.1171875
thesis	9	724	35	11.9609375
of	9	725	35	1.515625
the	9	726	35	1.25
book,	9	727	35	3.6796875
and	9	728	35	1.59375
tulip	9	729	35	10.0
mania	9	730	35	8.1640625
was	9	731	35	1.546875
one	9	732	35	4.7265625
of	9	733	35	0.1640625
the	9	734	35	0.1796875
primary	9	735	35	7.3828125
examples.	9	736	35	7.0859375
According	9	737	36	5.2578125
to	9	738	36	0.015625
Mackay,	9	739	36	9.421875
at	9	740	36	5.421875
one	9	741	36	4.7109375
point	9	742	36	1.7265625
twelve	9	743	36	9.3515625
acres	9	744	36	11.4765625
of	9	745	36	1.21875
land	9	746	36	3.4453125
were	9	747	36	2.8671875
offered	9	748	36	7.06640625
for	9	749	36	3.2109375
a	9	750	36	2.0078125
Semper	9	751	36	16.84375
Augustus	9	752	36	12.671875
bulb.	9	753	36	17.6171875
He	9	754	37	4.1171875
claims	9	755	37	8.6015625
that	9	756	37	0.5859375
many	9	757	37	5.1796875
such	9	758	37	5.70703125
investors	9	759	37	7.55078125
ruined	9	760	37	11.828125
by	9	761	37	4.890625
the	9	762	37	1.1953125
fall	9	763	37	7.0625
in	9	764	37	3.609375
prices	9	765	37	8.09375
were	9	766	37	7.26171875
desperate,	9	767	37	12.09375
and	9	768	37	1.0390625
Dutch	9	769	37	10.484375
commerce	9	770	37	9.890625
suffered	9	771	37	7.84765625
a	9	772	37	2.09375
severe	9	773	37	5.125
shock.	9	774	37	7.015625
In	9	775	38	2.53125
Mackay's	9	776	38	13.6953125
account,	9	777	38	4.578125
the	9	778	38	1.96875
panicked	9	779	38	12.53125
tulip	9	780	38	6.890625
speculators	9	781	38	9.4140625
sought	9	782	38	7.3203125
help	9	783	38	7.7109375
from	9	784	38	2.1953125
the	9	785	38	0.9609375
government	9	786	38	6.68359375
of	9	787	38	3.125
the	9	788	38	1.25
Netherlands,	9	789	38	8.8671875
which	9	790	38	2.65625
responded	9	791	38	8.7890625
by	9	792	38	1.7109375
declaring	9	793	38	6.8671875
that	9	794	38	1.546875
anyone	9	795	38	8.421875
who	9	796	38	2.90625
had	9	797	38	1.3203125
bought	9	798	38	4.03125
contracts	9	799	38	7.92578125
to	9	800	38	2.3671875
purchase	9	801	38	3.5078125
bulbs	9	802	38	8.390625
in	9	803	38	3.0
the	9	804	38	1.2578125
future	9	805	38	4.9609375
could	9	806	38	3.359375
void	9	807	38	10.265625
their	9	808	38	3.984375
contract	9	809	38	6.33984375
by	9	810	38	3.6953125
payment	9	811	38	10.078125
of	9	812	38	2.125
a	9	813	38	3.109375
ten	9	814	38	6.96875
percent	9	815	38	3.296875
fee.	9	816	38	6.859375
Attempts	9	817	39	9.8203125
that	9	818	39	3.8203125
were	9	819	39	2.3359375
made	9	820	39	2.640625
to	9	821	39	1.2734375
resolve	9	822	39	8.4921875
the	9	823	39	1.3203125
situation	9	824	39	5.2421875
to	9	825	39	4.9921875
the	9	826	39	3.3515625
satisfaction	9	827	39	10.8515625
of	9	828	39	0.34375
all	9	829	39	5.375
parties	9	830	39	4.1875
were	9	831	39	4.6640625
unsuccessful.	9	832	39	7.71875
The	9	833	40	2.078125
mania	9	834	40	9.46875
finally	9	835	40	7.2890625
ended,	9	836	40	9.640625
Mackay	9	837	40	10.265625
says,	9	838	40	8.36328125
with	9	839	40	4.7265625
individuals	9	840	40	9.9453125
stuck	9	841	40	8.390625
with	9	842	40	1.8359375
the	9	843	40	1.625
bulbs	9	844	40	11.3828125
they	9	845	40	4.5078125
held	9	846	40	6.4921875
at	9	847	40	3.6171875
the	9	848	40	1.234375
end	9	849	40	3.0
of	9	850	40	0.171875
the	9	851	40	0.34375
crash.	9	852	40	8.5703125
No	9	853	41	6.1328125
court	9	854	41	8.4765625
would	9	855	41	5.02734375
enforce	9	856	41	8.96875
payment	9	857	41	8.8359375
of	9	858	41	0.5234375
a	9	859	41	1.8984375
contract,	9	860	41	8.30078125
since	9	861	41	5.703125
judges	9	862	41	11.0
regarded	9	863	41	8.203125
the	9	864	41	0.90625
debts	9	865	41	8.796875
as	9	866	41	3.6484375
contracted	9	867	41	11.171875
through	9	868	41	6.29296875
gambling,	9	869	41	9.7578125
and	9	870	41	1.0234375
thus	9	871	41	5.0546875
not	9	872	41	5.0703125
enforceable	9	873	41	9.203125
by	9	874	41	3.5390625
law.	9	875	41	4.671875
Although	9	876	42	5.9453125
Mackay's	9	877	42	11.7109375
book	9	878	42	7.51171875
is	9	879	42	2.3046875
a	9	880	42	2.46875
classic	9	881	42	7.08203125
that	9	882	42	3.578125
many	9	883	42	5.14453125
publishing	9	884	42	12.2421875
houses	9	885	42	1.9140625
continue	9	886	42	8.6796875
reprinting	9	887	42	16.3828125
today,	9	888	42	9.2734375
his	9	889	42	5.59375
account	9	890	42	5.3046875
is	9	891	42	2.484375
contested.	9	892	42	11.953125
Many	9	893	43	6.4375
modern	9	894	43	7.12109375
scholars	9	895	43	5.7421875
believe	9	896	43	3.953125
the	9	897	43	2.3046875
mania	9	898	43	3.7734375
was	9	899	43	2.5546875
not	9	900	43	3.4453125
as	9	901	43	4.0859375
extraordinary	9	902	43	7.99609375
as	9	903	43	0.3828125
Mackay	9	904	43	9.703125
described,	9	905	43	10.6484375
with	9	906	43	4.75
some	9	907	43	4.03125
arguing	9	908	43	10.015625
that	9	909	43	0.9609375
the	9	910	43	1.4453125
price	9	911	43	6.03515625
changes	9	912	43	8.359375
may	9	913	43	5.2109375
not	9	914	43	2.6484375
have	9	915	43	2.75
constituted	9	916	43	8.09375
a	9	917	43	1.5703125
bubble.	9	918	43	10.4140625
Research	9	919	44	10.671875
on	9	920	44	3.34375
the	9	921	44	0.8359375
tulip	9	922	44	7.4296875
mania	9	923	44	4.89453125
is	9	924	44	2.75
difficult	9	925	44	6.9140625
because	9	926	44	3.4140625
of	9	927	44	1.5
the	9	928	44	0.921875
limited	9	929	44	7.98828125
data	9	930	44	7.1953125
from	9	931	44	3.90625
the	9	932	44	0.84375
sixteen	9	933	44	10.7265625
thirties.	9	934	44	12.703125
However,	9	935	45	4.171875
some	9	936	45	5.0390625
modern	9	937	45	6.37109375
economists	9	938	45	5.8046875
have	9	939	45	3.0
proposed	9	940	45	5.296875
rational	9	941	45	10.890625
explanations,	9	942	45	8.15625
rather	9	943	45	6.28515625
than	9	944	45	0.046875
a	9	945	45	3.3984375
speculative	9	946	45	7.07421875
mania,	9	947	45	9.28515625
for	9	948	45	3.7421875
the	9	949	45	1.8671875
rise	9	950	45	8.3359375
and	9	951	45	3.1875
fall	9	952	45	2.6796875
in	9	953	45	1.796875
prices.	9	954	45	3.7109375
For	9	955	46	4.0859375
example,	9	956	46	1.3515625
other	9	957	46	7.80859375
flowers,	9	958	46	14.859375
such	9	959	46	2.6015625
as	9	960	46	0.546875
the	9	961	46	2.1171875
hyacinth,	9	962	46	22.76953125
also	9	963	46	6.08984375
had	9	964	46	3.8125
high	9	965	46	5.8828125
prices	9	966	46	2.453125
on	9	967	46	3.453125
the	9	968	46	0.6328125
flower's	9	969	46	11.953125
introduction,	9	970	46	13.078125
which	9	971	46	2.53125
then	9	972	46	6.13671875
fell	9	973	46	5.234375
dramatically.	9	974	46	9.17578125
The	9	975	47	1.9765625
high	9	976	47	6.78515625
prices	9	977	47	1.5078125
may	9	978	47	5.1484375
also	9	979	47	3.1328125
have	9	980	47	2.0625
been	9	981	47	1.125
driven	9	982	47	7.16015625
by	9	983	47	0.4453125
expectations	9	984	47	11.28125
of	9	985	47	1.453125
a	9	986	47	3.3515625
parliamentary	9	987	47	11.640625
decree	9	988	47	6.40625
that	9	989	47	3.3984375
contracts	9	990	47	9.265625
could	9	991	47	4.578125
be	9	992	47	1.8046875
voided	9	993	47	10.03125
for	9	994	47	3.765625
a	9	995	47	1.984375
small	9	996	47	5.640625
cost,	9	997	47	10.1015625
thus	9	998	47	5.5234375
lowering	9	999	47	6.1796875
the	9	1000	47	0.7890625
risk	9	1001	47	4.984375
to	9	1002	47	3.859375
buyers.	9	1003	47	10.3359375
Despite	9	1004	48	6.0859375
these	9	1005	48	2.6171875
disagreements	9	1006	48	8.5
about	9	1007	48	5.7109375
whether	9	1008	48	4.9609375
the	9	1009	48	1.25
phenomenon	9	1010	48	9.609375
technically	9	1011	48	11.125
constituted	9	1012	48	7.2265625
an	9	1013	48	2.921875
economic	9	1014	48	5.3125
bubble,	9	1015	48	6.93359375
the	9	1016	48	1.78125
term	9	1017	48	5.9140625
``tulip	9	1018	48	14.8828125
mania''	9	1019	48	8.39453125
is	9	1020	48	1.75
still	9	1021	48	4.1484375
often	9	1022	48	6.40234375
used	9	1023	48	2.4296875
metaphorically	9	1024	48	11.890625
to	9	1025	48	2.84375
refer	9	1026	48	6.359375
to	9	1027	48	0.984375
any	9	1028	48	4.5078125
large	9	1029	48	7.25390625
economic	9	1030	48	6.72265625
bubble,	9	1031	48	4.6953125
when	9	1032	48	5.8125
asset	9	1033	48	11.6875
prices	9	1034	48	1.3046875
deviate	9	1035	48	13.015625
from	9	1036	48	1.8359375
intrinsic	9	1037	48	11.515625
values.	9	1038	48	7.83984375
Tourette's	10	1	1	27.984375
syndrome,	10	2	1	13.328125
a	10	3	1	3.7734375
neurological	10	4	1	7.55078125
disorder	10	5	1	1.9375
characterized	10	6	1	4.125
by	10	7	1	0.3984375
repetitive,	10	8	1	11.76171875
involuntary	10	9	1	8.6875
movements,	10	10	1	6.17578125
was	10	11	1	7.66015625
named	10	12	1	9.640625
for	10	13	1	2.6953125
Dr.	10	14	1	8.28125
Georges	10	15	1	10.0078125
Gilles	10	16	1	9.3125
de	10	17	1	4.32421875
la	10	18	1	3.7265625
Tourette,	10	19	1	13.375
the	10	20	1	4.0390625
pioneering	10	21	1	9.125
French	10	22	1	8.5625
neurologist	10	23	1	8.44140625
who	10	24	1	3.3671875
first	10	25	1	5.4296875
described	10	26	1	2.5390625
the	10	27	1	1.21875
condition	10	28	1	7.078125
in	10	29	1	3.359375
an	10	30	1	5.5234375
eighty-six-year-old	10	31	1	14.9453125
French	10	32	1	6.49609375
noblewoman.	10	33	1	15.375
It	10	34	2	4.375
is	10	35	2	2.2890625
almost	10	36	2	6.1953125
always	10	37	2	3.2109375
in	10	38	2	3.4765625
childhood	10	39	2	8.796875
that	10	40	2	3.3125
the	10	41	2	2.2265625
early	10	42	2	5.28125
symptoms	10	43	2	7.9375
of	10	44	2	0.609375
Tourette's	10	45	2	13.5234375
are	10	46	2	6.77734375
first	10	47	2	7.50390625
noticed,	10	48	2	10.12890625
with	10	49	2	3.71875
the	10	50	2	1.75
average	10	51	2	7.33984375
onset	10	52	2	5.48046875
between	10	53	2	7.04296875
the	10	54	2	1.921875
ages	10	55	2	3.25
of	10	56	2	0.4609375
seven	10	57	2	4.453125
and	10	58	2	1.03125
ten	10	59	2	3.46875
years.	10	60	2	1.703125
It	10	61	3	2.578125
is	10	62	3	0.4921875
estimated	10	63	3	5.1796875
that	10	64	3	0.375
two	10	65	3	4.28125
hundred	10	66	3	3.6875
thousand	10	67	3	3.8203125
Americans	10	68	3	5.26953125
have	10	69	3	1.9296875
the	10	70	3	4.40625
most	10	71	3	2.09375
severe	10	72	3	3.84375
form	10	73	3	5.92578125
of	10	74	3	0.1328125
Tourette's,	10	75	3	15.3984375
and	10	76	3	1.8046875
as	10	77	3	5.8515625
many	10	78	3	2.7109375
as	10	79	3	0.96875
one	10	80	3	3.8671875
in	10	81	3	3.375
a	10	82	3	3.2265625
hundred	10	83	3	5.0703125
people	10	84	3	4.65625
exhibit	10	85	3	9.2734375
milder	10	86	3	12.0078125
and	10	87	3	2.46875
less	10	88	3	6.2421875
complex	10	89	3	7.12109375
symptoms	10	90	3	4.91015625
that	10	91	3	4.0625
include	10	92	3	4.90625
chronic	10	93	3	5.953125
motor	10	94	3	9.171875
and	10	95	3	3.375
vocal	10	96	3	9.3984375
tics	10	97	3	15.90234375
or	10	98	3	6.83203125
transient	10	99	3	10.9296875
tics	10	100	3	4.4453125
of	10	101	3	2.875
childhood.	10	102	3	8.24609375
For	10	103	4	4.8203125
the	10	104	4	1.6953125
majority	10	105	4	6.65625
of	10	106	4	0.25
people	10	107	4	3.90625
diagnosed	10	108	4	5.9453125
with	10	109	4	0.796875
the	10	110	4	2.8828125
disorder,	10	111	4	6.78515625
Tourette's	10	112	4	13.0078125
is	10	113	4	3.921875
not	10	114	4	4.6875
a	10	115	4	1.9765625
chronic	10	116	4	5.6953125
condition	10	117	4	3.125
with	10	118	4	4.4296875
symptoms	10	119	4	4.875
lasting	10	120	4	9.0703125
a	10	121	4	4.3359375
lifetime.	10	122	4	5.0625
Rather	10	123	5	7.31640625
it	10	124	5	4.359375
is	10	125	5	0.7578125
a	10	126	5	2.5234375
condition	10	127	5	5.515625
whose	10	128	5	7.546875
severity	10	129	5	4.109375
peaks	10	130	5	10.7734375
in	10	131	5	2.859375
the	10	132	5	0.625
early	10	133	5	4.640625
teens,	10	134	5	10.578125
with	10	135	5	4.5234375
improvement	10	136	5	9.546875
occurring	10	137	5	7.46484375
in	10	138	5	0.9296875
the	10	139	5	0.609375
late	10	140	5	1.9375
teens	10	141	5	1.2109375
and	10	142	5	2.21875
continuing	10	143	5	9.6796875
into	10	144	5	6.90234375
adulthood.	10	145	5	1.59375
However,	10	146	6	4.140625
approximately	10	147	6	9.765625
ten	10	148	6	5.09375
percent	10	149	6	1.7890625
of	10	150	6	0.1015625
those	10	151	6	3.6484375
affected	10	152	6	6.16015625
have	10	153	6	6.265625
a	10	154	6	3.6484375
progressive	10	155	6	8.9375
or	10	156	6	7.4765625
disabling	10	157	6	10.7734375
course	10	158	6	8.03125
that	10	159	6	3.7734375
lasts	10	160	6	6.68359375
into	10	161	6	8.109375
adulthood.	10	162	6	0.75
It	10	163	7	3.0703125
is	10	164	7	0.4453125
not	10	165	7	3.25
uncommon	10	166	7	3.3828125
for	10	167	7	0.7734375
symptoms	10	168	7	9.484375
to	10	169	7	2.2734375
be	10	170	7	1.0234375
present	10	171	7	5.34375
for	10	172	7	3.6484375
an	10	173	7	5.453125
extended	10	174	7	4.8515625
period	10	175	7	0.3046875
of	10	176	7	0.6640625
time	10	177	7	0.71875
before	10	178	7	5.46875
a	10	179	7	4.1015625
formal	10	180	7	7.1640625
diagnosis	10	181	7	3.265625
of	10	182	7	2.03125
Tourette's	10	183	7	6.2578125
is	10	184	7	3.5
obtained.	10	185	7	6.78125
The	10	186	8	2.234375
reasons	10	187	8	6.734375
for	10	188	8	0.359375
this	10	189	8	1.234375
are	10	190	8	4.7421875
many	10	191	8	6.44921875
and	10	192	8	4.3125
may	10	193	8	4.7265625
include	10	194	8	3.7734375
the	10	195	8	2.28125
fact	10	196	8	3.9453125
that	10	197	8	0.015625
for	10	198	8	5.7734375
families	10	199	8	6.79296875
and	10	200	8	3.4140625
physicians	10	201	8	8.375
unfamiliar	10	202	8	9.984375
with	10	203	8	0.21875
Tourette's,	10	204	8	14.796875
mild	10	205	8	10.8515625
and	10	206	8	1.578125
even	10	207	8	5.5625
moderate	10	208	8	4.125
tic	10	209	8	11.8515625
symptoms	10	210	8	6.3671875
may	10	211	8	4.96875
be	10	212	8	1.2109375
considered	10	213	8	3.5859375
inconsequential,	10	214	8	13.328125
part	10	215	8	10.015625
of	10	216	8	0.4921875
a	10	217	8	2.3671875
developmental	10	218	8	9.0703125
phase,	10	219	8	6.640625
or	10	220	8	1.8515625
the	10	221	8	3.7109375
result	10	222	8	6.09765625
of	10	223	8	0.828125
another	10	224	8	6.82421875
condition.	10	225	8	6.87109375
For	10	226	9	3.4765625
example,	10	227	9	1.1328125
parents	10	228	9	8.0
may	10	229	9	2.703125
think	10	230	9	6.36328125
that	10	231	9	2.0234375
eye	10	232	9	10.8046875
blinking	10	233	9	12.7421875
is	10	234	9	3.546875
related	10	235	9	5.890625
to	10	236	9	0.2109375
vision	10	237	9	9.96875
problems	10	238	9	4.53125
or	10	239	9	3.78125
that	10	240	9	5.0625
sniffing	10	241	9	14.3515625
is	10	242	9	2.3828125
related	10	243	9	4.875
to	10	244	9	0.2578125
seasonal	10	245	9	11.15625
allergies.	10	246	9	7.4140625
There	10	247	10	4.2578125
are	10	248	10	1.40625
many	10	249	10	2.328125
patients	10	250	10	5.1328125
who	10	251	10	1.1953125
are	10	252	10	2.3046875
self-diagnosed	10	253	10	14.296875
after	10	254	10	5.36328125
they,	10	255	10	10.89453125
their	10	256	10	6.6875
parents,	10	257	10	6.546875
other	10	258	10	5.90234375
relatives,	10	259	10	5.390625
or	10	260	10	2.4609375
friends	10	261	10	4.5859375
read	10	262	10	9.921875
or	10	263	10	4.515625
hear	10	264	10	4.0625
about	10	265	10	2.3203125
Tourette's	10	266	10	13.3125
from	10	267	10	7.08203125
others.	10	268	10	5.25
Tics	10	269	11	13.2421875
are	10	270	11	2.34375
classified	10	271	11	6.90234375
as	10	272	11	0.4453125
either	10	273	11	5.671875
simple	10	274	11	8.2265625
or	10	275	11	0.7578125
complex.	10	276	11	6.9296875
Simple	10	277	12	8.4921875
motor	10	278	12	11.234375
tics	10	279	12	7.4921875
are	10	280	12	0.7421875
sudden,	10	281	12	14.3203125
brief,	10	282	12	9.96875
repetitive	10	283	12	6.47265625
movements	10	284	12	4.53125
that	10	285	12	4.53125
involve	10	286	12	4.6171875
a	10	287	12	2.5703125
limited	10	288	12	6.96875
number	10	289	12	0.9765625
of	10	290	12	0.03125
muscle	10	291	12	7.9453125
groups.	10	292	12	4.4921875
Some	10	293	13	4.421875
of	10	294	13	2.046875
the	10	295	13	0.84375
more	10	296	13	5.1171875
common	10	297	13	2.5234375
simple	10	298	13	10.171875
tics	10	299	13	5.26171875
include	10	300	13	3.5625
eye	10	301	13	6.59765625
blinking,	10	302	13	3.03125
facial	10	303	13	5.0859375
grimacing,	10	304	13	17.578125
shoulder	10	305	13	7.1015625
shrugging,	10	306	13	16.4375
and	10	307	13	2.0859375
head	10	308	13	5.67578125
or	10	309	13	6.25390625
shoulder	10	310	13	4.453125
jerking.	10	311	13	11.3515625
Simple	10	312	14	7.18359375
vocalizations,	10	313	14	17.30859375
which	10	314	14	3.8203125
motor	10	315	14	11.0
tics	10	316	14	1.1171875
typically	10	317	14	4.96875
precede,	10	318	14	11.4453125
might	10	319	14	5.55859375
include	10	320	14	4.296875
repetitive	10	321	14	7.83984375
throat-clearing,	10	322	14	26.1640625
sniffing,	10	323	14	10.03125
or	10	324	14	1.6015625
grunting	10	325	14	10.44921875
sounds.	10	326	14	8.609375
Complex	10	327	15	10.6171875
tics	10	328	15	3.9453125
are	10	329	15	1.2109375
distinct,	10	330	15	9.09375
coordinated	10	331	15	11.0859375
patterns	10	332	15	7.82421875
of	10	333	15	1.5390625
movement	10	334	15	5.3671875
that	10	335	15	4.5859375
involve	10	336	15	4.6640625
several	10	337	15	5.60546875
muscle	10	338	15	6.42578125
groups.	10	339	15	1.296875
Complex	10	340	16	9.078125
motor	10	341	16	9.8984375
tics	10	342	16	0.6171875
might	10	343	16	6.484375
include	10	344	16	3.2578125
facial	10	345	16	6.0
grimacing	10	346	16	10.125
combined	10	347	16	11.515625
with	10	348	16	1.1640625
a	10	349	16	2.1875
head	10	350	16	7.09765625
twist	10	351	16	6.625
and	10	352	16	2.4765625
a	10	353	16	2.40625
shoulder	10	354	16	6.08984375
shrug.	10	355	16	9.515625
Other	10	356	17	4.703125
complex	10	357	17	6.64453125
motor	10	358	17	5.6015625
tics	10	359	17	0.4765625
may	10	360	17	1.9765625
actually	10	361	17	6.9609375
appear	10	362	17	4.671875
purposeful,	10	363	17	17.5546875
including	10	364	17	5.2421875
sniffing	10	365	17	10.078125
or	10	366	17	2.734375
touching	10	367	17	6.328125
objects,	10	368	17	9.171875
hopping,	10	369	17	12.4765625
jumping,	10	370	17	7.63671875
bending,	10	371	17	5.765625
or	10	372	17	1.578125
twisting.	10	373	17	7.046875
Complex	10	374	18	7.59375
vocal	10	375	18	7.99609375
tics	10	376	18	12.8046875
include	10	377	18	2.703125
words	10	378	18	8.1328125
or	10	379	18	3.4453125
phrases.	10	380	18	4.3984375
Perhaps	10	381	19	8.265625
the	10	382	19	2.046875
most	10	383	19	1.3359375
dramatic	10	384	19	5.3359375
and	10	385	19	3.578125
disabling	10	386	19	10.921875
tics	10	387	19	6.1640625
include	10	388	19	2.3125
motor	10	389	19	9.7734375
movements	10	390	19	8.046875
that	10	391	19	2.46875
result	10	392	19	5.3359375
in	10	393	19	0.8046875
self-harm	10	394	19	10.8046875
such	10	395	19	6.875
as	10	396	19	0.1328125
punching	10	397	19	8.953125
oneself	10	398	19	9.140625
in	10	399	19	3.9609375
the	10	400	19	1.1640625
face,	10	401	19	6.6796875
or	10	402	19	2.5078125
vocal	10	403	19	7.4140625
tics	10	404	19	5.7109375
including	10	405	19	7.3125
coprolalia,	10	406	19	29.5546875
which	10	407	19	4.28125
involves	10	408	19	6.671875
uttering	10	409	19	10.359375
swear	10	410	19	13.1875
words,	10	411	19	4.3125
or	10	412	19	2.0078125
echolalia,	10	413	19	22.09765625
which	10	414	19	3.109375
involves	10	415	19	6.46484375
repeating	10	416	19	5.546875
the	10	417	19	1.859375
words	10	418	19	3.921875
or	10	419	19	2.4921875
phrases	10	420	19	0.7265625
of	10	421	19	1.8515625
others.	10	422	19	7.3359375
Tics	10	423	20	4.109375
are	10	424	20	1.5703125
often	10	425	20	2.8203125
worse	10	426	20	9.40625
with	10	427	20	4.3828125
excitement	10	428	20	9.140625
or	10	429	20	2.359375
anxiety	10	430	20	4.7265625
and	10	431	20	2.9453125
better	10	432	20	7.89453125
during	10	433	20	7.4921875
calm,	10	434	20	12.234375
focused	10	435	20	9.5390625
activities.	10	436	20	9.24609375
Certain	10	437	21	7.18359375
physical	10	438	21	7.26953125
experiences	10	439	21	6.3671875
can	10	440	21	2.84375
trigger	10	441	21	7.34765625
or	10	442	21	5.4921875
worsen	10	443	21	9.109375
tics.	10	444	21	9.4296875
For	10	445	22	3.4765625
example,	10	446	22	0.6484375
tight	10	447	22	11.2578125
collars	10	448	22	13.171875
may	10	449	22	2.8359375
trigger	10	450	22	6.32421875
neck	10	451	22	10.1796875
tics,	10	452	22	7.09375
or	10	453	22	1.78125
hearing	10	454	22	8.875
another	10	455	22	7.53125
person	10	456	22	3.546875
sniff	10	457	22	11.0859375
or	10	458	22	4.3671875
throat-clear	10	459	22	17.8359375
may	10	460	22	7.62109375
trigger	10	461	22	2.3984375
the	10	462	22	1.78125
production	10	463	22	8.90625
of	10	464	22	0.53125
similar	10	465	22	9.0
sounds.	10	466	22	6.39453125
Tics	10	467	23	3.546875
come	10	468	23	7.11328125
and	10	469	23	4.9453125
go	10	470	23	3.1484375
over	10	471	23	5.40234375
time,	10	472	23	5.5625
varying	10	473	23	9.328125
in	10	474	23	4.03125
type,	10	475	23	12.1484375
frequency,	10	476	23	8.828125
location,	10	477	23	8.7421875
and	10	478	23	0.5234375
severity.	10	479	23	8.80078125
The	10	480	24	2.59375
first	10	481	24	3.3125
symptoms	10	482	24	8.0
Tourette's	10	483	24	16.6953125
patients	10	484	24	6.90234375
experience	10	485	24	7.3984375
usually	10	486	24	8.015625
occur	10	487	24	2.609375
in	10	488	24	1.671875
the	10	489	24	1.4296875
head	10	490	24	5.359375
and	10	491	24	2.3984375
neck	10	492	24	1.3828125
area,	10	493	24	7.390625
though	10	494	24	5.4921875
they	10	495	24	2.1796875
may	10	496	24	1.7109375
progress	10	497	24	9.5625
to	10	498	24	3.15625
include	10	499	24	7.71484375
muscles	10	500	24	6.92578125
of	10	501	24	2.0859375
the	10	502	24	1.171875
trunk	10	503	24	6.88671875
and	10	504	24	2.2109375
extremities.	10	505	24	8.12109375
The	10	506	25	2.234375
symptoms	10	507	25	7.51953125
of	10	508	25	1.75
Tourette's	10	509	25	9.15625
are	10	510	25	2.2734375
involuntary,	10	511	25	13.625
but	10	512	25	3.7265625
there	10	513	25	3.4453125
are	10	514	25	0.9453125
some	10	515	25	2.640625
people	10	516	25	4.0078125
who	10	517	25	0.9921875
can	10	518	25	3.7421875
sometimes	10	519	25	5.390625
suppress,	10	520	25	12.5234375
camouflage,	10	521	25	13.1171875
or	10	522	25	1.109375
otherwise	10	523	25	5.84765625
manage	10	524	25	9.1953125
their	10	525	25	3.3984375
tics	10	526	25	6.8515625
in	10	527	25	4.1484375
an	10	528	25	5.0
effort	10	529	25	4.5859375
to	10	530	25	0.2265625
minimize	10	531	25	5.0
their	10	532	25	3.2890625
impact	10	533	25	4.46875
on	10	534	25	1.5546875
functioning.	10	535	25	10.6953125
However,	10	536	26	4.59375
people	10	537	26	7.25390625
affected	10	538	26	8.984375
by	10	539	26	1.984375
Tourette's	10	540	26	11.4921875
often	10	541	26	5.0859375
report	10	542	26	8.7421875
a	10	543	26	2.8203125
substantial	10	544	26	7.25390625
buildup	10	545	26	11.7734375
in	10	546	26	3.765625
tension	10	547	26	10.484375
when	10	548	26	5.73828125
suppressing	10	549	26	9.359375
their	10	550	26	2.53125
tics	10	551	26	4.9140625
to	10	552	26	5.171875
the	10	553	26	2.1953125
point	10	554	26	4.265625
where	10	555	26	2.03125
they	10	556	26	1.9296875
often	10	557	26	5.21875
feel	10	558	26	4.0078125
that	10	559	26	3.375
the	10	560	26	1.84375
tic	10	561	26	7.8828125
must	10	562	26	6.3359375
be	10	563	26	1.703125
expressed.	10	564	26	8.52734375
Tics	10	565	27	4.21875
in	10	566	27	4.8984375
response	10	567	27	3.96875
to	10	568	27	0.7109375
an	10	569	27	4.3125
environmental	10	570	27	7.06640625
trigger	10	571	27	9.3671875
can	10	572	27	3.0546875
appear	10	573	27	7.06640625
to	10	574	27	1.6640625
be	10	575	27	0.6875
voluntary	10	576	27	9.9765625
or	10	577	27	3.3984375
purposeful,	10	578	27	13.84375
but	10	579	27	2.2734375
are	10	580	27	4.421875
not.	10	581	27	7.56640625
Many	10	582	28	5.15625
people	10	583	28	2.046875
with	10	584	28	3.9921875
Tourette's	10	585	28	11.1015625
experience	10	586	28	3.6171875
additional	10	587	28	12.3984375
neurobehavioral	10	588	28	12.6171875
problems	10	589	28	3.859375
that	10	590	28	3.7421875
include	10	591	28	4.515625
inattention,	10	592	28	12.9609375
hyperactivity	10	593	28	10.55859375
and	10	594	28	2.0078125
impulsivity.	10	595	28	11.68359375
People	10	596	29	7.640625
with	10	597	29	1.765625
Tourette's	10	598	29	5.19921875
have	10	599	29	3.640625
also	10	600	29	3.3203125
reported	10	601	29	5.0234375
problems	10	602	29	5.2890625
with	10	603	29	1.7421875
depression	10	604	29	6.23828125
or	10	605	29	3.2734375
anxiety	10	606	29	1.171875
disorders,	10	607	29	7.609375
as	10	608	29	3.203125
well	10	609	29	0.8125
as	10	610	29	0.0390625
other	10	611	29	4.3828125
difficulties	10	612	29	5.734375
Tourette's	10	613	29	13.7890625
syndrome	10	614	29	4.94140625
may	10	615	29	5.0234375
or	10	616	29	5.5234375
may	10	617	29	0.375
not	10	618	29	1.8125
directly	10	619	29	6.18359375
cause.	10	620	29	7.4921875
Tourette's	10	621	30	11.8125
is	10	622	30	4.453125
a	10	623	30	1.15625
diagnosis	10	624	30	5.85546875
doctors	10	625	30	15.421875
make	10	626	30	7.32421875
after	10	627	30	6.96484375
verifying	10	628	30	11.296875
that	10	629	30	1.6953125
the	10	630	30	1.96875
patient	10	631	30	3.625
has	10	632	30	2.859375
had	10	633	30	3.9140625
both	10	634	30	6.73828125
motor	10	635	30	9.78125
and	10	636	30	1.6953125
vocal	10	637	30	3.9453125
tics	10	638	30	3.3828125
for	10	639	30	3.8359375
at	10	640	30	5.43359375
least	10	641	30	0.046875
one	10	642	30	1.9453125
year.	10	643	30	2.7109375
The	10	644	31	2.6953125
existence	10	645	31	8.734375
of	10	646	31	0.1015625
other	10	647	31	5.2734375
neurological	10	648	31	6.72265625
or	10	649	31	6.671875
psychiatric	10	650	31	3.953125
conditions	10	651	31	5.28125
can	10	652	31	3.453125
also	10	653	31	3.15625
help	10	654	31	4.859375
doctors	10	655	31	7.0625
establish	10	656	31	7.0390625
the	10	657	31	1.5546875
diagnosis	10	658	31	3.4453125
of	10	659	31	1.0625
Tourette's	10	660	31	5.30859375
is	10	661	31	6.87109375
the	10	662	31	3.1640625
correct	10	663	31	7.88671875
one.	10	664	31	7.109375
Knowledgeable	10	665	32	15.11328125
clinicians	10	666	32	9.15625
consulted	10	667	32	10.8984375
by	10	668	32	3.28125
patients	10	669	32	6.890625
do	10	670	32	8.3125
not	10	671	32	0.1640625
often	10	672	32	5.90625
misdiagnose	10	673	32	13.3515625
common	10	674	32	10.8828125
tics.	10	675	32	8.8984375
However,	10	676	33	4.234375
atypical	10	677	33	9.65625
symptoms	10	678	33	3.1171875
or	10	679	33	4.78125
atypical	10	680	33	6.9453125
presentation	10	681	33	8.890625
such	10	682	33	6.85546875
as	10	683	33	0.25
onset	10	684	33	8.140625
of	10	685	33	1.7578125
symptoms	10	686	33	2.7890625
in	10	687	33	4.71875
adulthood	10	688	33	6.4921875
may	10	689	33	2.0625
require	10	690	33	4.4921875
specialty	10	691	33	11.5625
expertise	10	692	33	13.5078125
for	10	693	33	4.8046875
diagnosis.	10	694	33	7.26953125
There	10	695	34	4.7109375
are	10	696	34	1.2265625
no	10	697	34	2.40625
blood	10	698	34	7.859375
or	10	699	34	3.296875
laboratory	10	700	34	5.6484375
tests	10	701	34	1.375
needed	10	702	34	6.21484375
for	10	703	34	1.328125
diagnosis.	10	704	34	4.7578125
However,	10	705	35	4.234375
neuroimaging	10	706	35	11.65625
studies,	10	707	35	4.6484375
which	10	708	35	3.390625
include	10	709	35	3.125
magnetic	10	710	35	8.765625
resonance	10	711	35	0.8046875
imaging,	10	712	35	1.4296875
computerized	10	713	35	8.1953125
tomography,	10	714	35	2.65625
and	10	715	35	1.4140625
electroencephalograms,	10	716	35	11.0078125
as	10	717	35	4.1171875
well	10	718	35	0.515625
as	10	719	35	0.015625
certain	10	720	35	8.390625
lab	10	721	35	10.484375
tests	10	722	35	2.5546875
may	10	723	35	6.7109375
be	10	724	35	1.1171875
used	10	725	35	1.84375
to	10	726	35	1.8828125
rule	10	727	35	7.9765625
out	10	728	35	0.28125
other	10	729	35	5.74609375
conditions	10	730	35	4.296875
that	10	731	35	3.875
Tourette's	10	732	35	16.8203125
might	10	733	35	6.05078125
be	10	734	35	1.515625
confused	10	735	35	9.0390625
with.	10	736	35	7.453125
In	10	737	36	2.625
terms	10	738	36	4.921875
of	10	739	36	0.046875
the	10	740	36	1.7890625
role	10	741	36	7.00390625
of	10	742	36	0.1328125
genes	10	743	36	9.171875
in	10	744	36	1.6015625
the	10	745	36	1.5390625
disorder,	10	746	36	7.92578125
evidence	10	747	36	7.95703125
from	10	748	36	3.671875
twin	10	749	36	10.75
and	10	750	36	3.7890625
family	10	751	36	7.05859375
studies	10	752	36	4.3359375
suggests	10	753	36	5.7421875
that	10	754	36	0.203125
Tourette's	10	755	36	11.3671875
is	10	756	36	4.3203125
an	10	757	36	2.734375
inherited	10	758	36	7.17578125
disorder.	10	759	36	3.5546875
Although	10	760	37	4.5546875
early	10	761	37	7.40625
family	10	762	37	7.44140625
studies	10	763	37	0.3828125
suggested	10	764	37	5.8515625
an	10	765	37	4.3359375
autosomal	10	766	37	6.8828125
dominant	10	767	37	2.0859375
mode	10	768	37	7.47265625
of	10	769	37	0.390625
inheritance	10	770	37	7.5390625
characterized	10	771	37	8.4921875
the	10	772	37	4.21875
condition,	10	773	37	7.5859375
more	10	774	37	5.109375
recent	10	775	37	4.4140625
studies	10	776	37	1.5390625
discovered	10	777	37	7.32421875
the	10	778	37	2.546875
pattern	10	779	37	3.4375
of	10	780	37	0.1328125
inheritance	10	781	37	5.4453125
was	10	782	37	4.3359375
much	10	783	37	7.2578125
more	10	784	37	1.296875
complex.	10	785	37	5.015625
Although	10	786	38	4.234375
there	10	787	38	3.2109375
may	10	788	38	2.96875
be	10	789	38	0.3828125
a	10	790	38	1.265625
few	10	791	38	4.390625
genes	10	792	38	5.8359375
that	10	793	38	1.7890625
have	10	794	38	1.6640625
substantial	10	795	38	10.296875
effects,	10	796	38	7.47265625
it's	10	797	38	6.8984375
also	10	798	38	2.6875
possible	10	799	38	2.90625
that	10	800	38	0.796875
many	10	801	38	4.9375
genes	10	802	38	2.3203125
with	10	803	38	4.7734375
smaller	10	804	38	6.9921875
effects	10	805	38	4.6953125
and	10	806	38	3.0546875
environmental	10	807	38	8.5078125
factors	10	808	38	2.34375
may	10	809	38	3.3671875
play	10	810	38	4.6015625
a	10	811	38	1.0
role	10	812	38	0.8984375
in	10	813	38	0.328125
the	10	814	38	1.3046875
development	10	815	38	4.03125
of	10	816	38	0.1015625
Tourette's.	10	817	38	10.15625
Genetic	10	818	39	7.0234375
studies	10	819	39	1.6953125
also	10	820	39	3.296875
suggest	10	821	39	1.9921875
that	10	822	39	0.0625
some	10	823	39	4.859375
forms	10	824	39	6.76171875
of	10	825	39	0.0703125
Attention	10	826	39	15.0
Deficit	10	827	39	12.4296875
Hyperactivity	10	828	39	7.953125
Disorder	10	829	39	6.29296875
and	10	830	39	2.9921875
Obsessive	10	831	39	13.9921875
Compulsive	10	832	39	9.67578125
Disorder	10	833	39	2.046875
are	10	834	39	1.2421875
genetically	10	835	39	6.98828125
related	10	836	39	3.3515625
to	10	837	39	1.4609375
Tourette's,	10	838	39	15.1796875
but	10	839	39	2.71875
there	10	840	39	2.65625
is	10	841	39	1.3828125
less	10	842	39	5.5390625
evidence	10	843	39	2.9921875
for	10	844	39	1.796875
a	10	845	39	3.2421875
genetic	10	846	39	4.9296875
relationship	10	847	39	5.4375
between	10	848	39	1.2578125
Tourette's	10	849	39	7.50390625
and	10	850	39	0.7109375
other	10	851	39	2.453125
neurobehavioral	10	852	39	6.5390625
problems	10	853	39	1.703125
that	10	854	39	3.0859375
Tourette's	10	855	39	10.3984375
commonly	10	856	39	7.69921875
co-occurs	10	857	39	24.3359375
with.	10	858	39	9.2109375
An	10	859	40	5.2421875
important	10	860	40	2.6875
role	10	861	40	2.59375
in	10	862	40	0.3828125
Tourette's	10	863	40	9.2109375
gene	10	864	40	7.9296875
expression	10	865	40	2.75
is	10	866	40	1.4765625
played	10	867	40	7.90234375
by	10	868	40	1.796875
the	10	869	40	2.1015625
sex	10	870	40	8.34375
of	10	871	40	2.28125
the	10	872	40	2.8046875
person.	10	873	40	8.1484375
In	10	874	41	2.2109375
particular,	10	875	41	2.984375
males	10	876	41	8.421875
affected	10	877	41	8.65625
by	10	878	41	2.1796875
the	10	879	41	2.7890625
gene	10	880	41	5.71484375
are	10	881	41	5.171875
more	10	882	41	3.2109375
likely	10	883	41	1.640625
to	10	884	41	0.1328125
have	10	885	41	2.0625
tics	10	886	41	8.75
and	10	887	41	3.46875
females	10	888	41	5.8828125
who	10	889	41	4.203125
have	10	890	41	2.0859375
a	10	891	41	3.4921875
genetic	10	892	41	4.296875
predisposition	10	893	41	3.2890625
are	10	894	41	7.08984375
more	10	895	41	1.9375
likely	10	896	41	0.6796875
to	10	897	41	0.046875
have	10	898	41	0.6953125
obsessive-compulsive	10	899	41	17.7578125
symptoms.	10	900	41	4.359375
Much	10	901	42	7.671875
current	10	902	42	7.78515625
research	10	903	42	4.6875
is	10	904	42	2.2578125
aimed	10	905	42	3.90625
at	10	906	42	0.203125
better	10	907	42	7.578125
understanding	10	908	42	2.3671875
the	10	909	42	1.5
genetic	10	910	42	3.5546875
basis	10	911	42	6.3359375
and	10	912	42	3.7890625
symptomology	10	913	42	17.47265625
of	10	914	42	1.3515625
Tourette's,	10	915	42	9.37109375
as	10	916	42	2.8125
well	10	917	42	0.46875
as	10	918	42	0.03125
its	10	919	42	4.8125
relationship	10	920	42	4.75
to	10	921	42	2.40625
related	10	922	42	9.7890625
disorders.	10	923	42	5.6015625
The	10	924	43	2.3671875
hope	10	925	43	8.9609375
is	10	926	43	2.4453125
that	10	927	43	0.5
this	10	928	43	3.0
research	10	929	43	3.53125
leads	10	930	43	7.3359375
to	10	931	43	0.3828125
better	10	932	43	3.3828125
diagnostic	10	933	43	8.21875
tools	10	934	43	4.7890625
and	10	935	43	1.890625
better	10	936	43	6.0
treatments	10	937	43	6.2109375
for	10	938	43	1.9921875
Tourette's.	10	939	43	10.5859375
